"comp_name","region","country","season_start_year","squad","player_num","player_name","player_position","player_dob","player_age","player_nationality","player_market_value_euro","player_url"
"Premier League","Europe","England",2020,"Liverpool FC","1","Alisson","Goalkeeper",1992-10-02,28,"Brazil",8e+07,"https://www.transfermarkt.com/alisson/profil/spieler/105470"
"Premier League","Europe","England",2020,"Liverpool FC","13","Adrián","Goalkeeper",1987-01-03,34,"Spain",2e+06,"https://www.transfermarkt.com/adrian/profil/spieler/71271"
"Premier League","Europe","England",2020,"Liverpool FC","62","Caoimhin Kelleher","Goalkeeper",1998-11-23,22,"Ireland",2e+06,"https://www.transfermarkt.com/caoimhin-kelleher/profil/spieler/340918"
"Premier League","Europe","England",2020,"Liverpool FC","4","Virgil van Dijk","Centre-Back",1991-07-08,29,"Netherlands",8e+07,"https://www.transfermarkt.com/virgil-van-dijk/profil/spieler/139208"
"Premier League","Europe","England",2020,"Liverpool FC","12","Joe Gomez","Centre-Back",1997-05-23,23,"England",4e+07,"https://www.transfermarkt.com/joe-gomez/profil/spieler/256178"
"Premier League","Europe","England",2020,"Liverpool FC","32","Joel Matip","Centre-Back",1991-08-08,29,"Cameroon",3.2e+07,"https://www.transfermarkt.com/joel-matip/profil/spieler/82105"
"Premier League","Europe","England",2020,"Liverpool FC","19","Ozan Kabak","Centre-Back",2000-03-25,20,"Turkey",2.5e+07,"https://www.transfermarkt.com/ozan-kabak/profil/spieler/361260"
"Premier League","Europe","England",2020,"Liverpool FC","46","Rhys Williams","Centre-Back",2001-02-03,20,"England",5e+06,"https://www.transfermarkt.com/rhys-williams/profil/spieler/503679"
"Premier League","Europe","England",2020,"Liverpool FC","28","Ben Davies","Centre-Back",1995-08-11,25,"England",2400000,"https://www.transfermarkt.com/ben-davies/profil/spieler/257097"
"Premier League","Europe","England",2020,"Liverpool FC","47","Nathaniel Phillips","Centre-Back",1997-03-21,23,"England",1800000,"https://www.transfermarkt.com/nathaniel-phillips/profil/spieler/371814"
"Premier League","Europe","England",2020,"Liverpool FC","26","Andrew Robertson","Left-Back",1994-03-11,26,"Scotland",7.5e+07,"https://www.transfermarkt.com/andrew-robertson/profil/spieler/234803"
"Premier League","Europe","England",2020,"Liverpool FC","21","Konstantinos Tsimikas","Left-Back",1996-05-12,24,"Greece",9e+06,"https://www.transfermarkt.com/konstantinos-tsimikas/profil/spieler/338070"
"Premier League","Europe","England",2020,"Liverpool FC","66","Trent Alexander-Arnold","Right-Back",1998-10-07,22,"England",1.1e+08,"https://www.transfermarkt.com/trent-alexander-arnold/profil/spieler/314353"
"Premier League","Europe","England",2020,"Liverpool FC","76","Neco Williams","Right-Back",2001-04-13,19,"Wales",1e+07,"https://www.transfermarkt.com/neco-williams/profil/spieler/503680"
"Premier League","Europe","England",2020,"Liverpool FC","3","Fabinho","Defensive Midfield",1993-10-23,27,"Brazil",6e+07,"https://www.transfermarkt.com/fabinho/profil/spieler/225693"
"Premier League","Europe","England",2020,"Liverpool FC","6","Thiago","Central Midfield",1991-04-11,29,"Spain",4.8e+07,"https://www.transfermarkt.com/thiago/profil/spieler/60444"
"Premier League","Europe","England",2020,"Liverpool FC","5","Georginio Wijnaldum","Central Midfield",1990-11-11,30,"Netherlands",4e+07,"https://www.transfermarkt.com/georginio-wijnaldum/profil/spieler/49499"
"Premier League","Europe","England",2020,"Liverpool FC","8","Naby Keïta","Central Midfield",1995-02-10,26,"Guinea",4e+07,"https://www.transfermarkt.com/naby-keita/profil/spieler/302215"
"Premier League","Europe","England",2020,"Liverpool FC","14","Jordan Henderson","Central Midfield",1990-06-17,30,"England",2.8e+07,"https://www.transfermarkt.com/jordan-henderson/profil/spieler/61651"
"Premier League","Europe","England",2020,"Liverpool FC","15","Alex Oxlade-Chamberlain","Central Midfield",1993-08-15,27,"England",2.4e+07,"https://www.transfermarkt.com/alex-oxlade-chamberlain/profil/spieler/143424"
"Premier League","Europe","England",2020,"Liverpool FC","17","Curtis Jones","Central Midfield",2001-01-30,20,"England",1.7e+07,"https://www.transfermarkt.com/curtis-jones/profil/spieler/433188"
"Premier League","Europe","England",2020,"Liverpool FC","7","James Milner","Central Midfield",1986-01-04,35,"England",5e+06,"https://www.transfermarkt.com/james-milner/profil/spieler/3333"
"Premier League","Europe","England",2020,"Liverpool FC","58","Ben Woodburn","Attacking Midfield",1999-10-15,21,"Wales",4500000,"https://www.transfermarkt.com/ben-woodburn/profil/spieler/344015"
"Premier League","Europe","England",2020,"Liverpool FC","10","Sadio Mané","Left Winger",1992-04-10,28,"Senegal",1.2e+08,"https://www.transfermarkt.com/sadio-mane/profil/spieler/200512"
"Premier League","Europe","England",2020,"Liverpool FC","20","Diogo Jota","Left Winger",1996-12-04,24,"Portugal",4e+07,"https://www.transfermarkt.com/diogo-jota/profil/spieler/340950"
"Premier League","Europe","England",2020,"Liverpool FC","11","Mohamed Salah","Right Winger",1992-06-15,28,"Egypt",1.2e+08,"https://www.transfermarkt.com/mohamed-salah/profil/spieler/148455"
"Premier League","Europe","England",2020,"Liverpool FC","23","Xherdan Shaqiri","Right Winger",1991-10-10,29,"Switzerland",1.6e+07,"https://www.transfermarkt.com/xherdan-shaqiri/profil/spieler/86792"
"Premier League","Europe","England",2020,"Liverpool FC","9","Roberto Firmino","Centre-Forward",1991-10-02,29,"Brazil",7.2e+07,"https://www.transfermarkt.com/roberto-firmino/profil/spieler/131789"
"Premier League","Europe","England",2020,"Liverpool FC","27","Divock Origi","Centre-Forward",1995-04-18,25,"Belgium",1.6e+07,"https://www.transfermarkt.com/divock-origi/profil/spieler/148368"
"Premier League","Europe","England",2020,"Manchester City","31","Ederson","Goalkeeper",1993-08-17,27,"Brazil",5.6e+07,"https://www.transfermarkt.com/ederson/profil/spieler/238223"
"Premier League","Europe","England",2020,"Manchester City","13","Zack Steffen","Goalkeeper",1995-04-02,25,"United States",6e+06,"https://www.transfermarkt.com/zack-steffen/profil/spieler/221624"
"Premier League","Europe","England",2020,"Manchester City","33","Scott Carson","Goalkeeper",1985-09-03,35,"England",8e+05,"https://www.transfermarkt.com/scott-carson/profil/spieler/14555"
"Premier League","Europe","England",2020,"Manchester City","3","Rúben Dias","Centre-Back",1997-05-14,23,"Portugal",6e+07,"https://www.transfermarkt.com/ruben-dias/profil/spieler/258004"
"Premier League","Europe","England",2020,"Manchester City","14","Aymeric Laporte","Centre-Back",1994-05-27,26,"France",6e+07,"https://www.transfermarkt.com/aymeric-laporte/profil/spieler/176553"
"Premier League","Europe","England",2020,"Manchester City","6","Nathan Aké","Centre-Back",1995-02-18,25,"Netherlands",4e+07,"https://www.transfermarkt.com/nathan-ake/profil/spieler/177476"
"Premier League","Europe","England",2020,"Manchester City","5","John Stones","Centre-Back",1994-05-28,26,"England",2.5e+07,"https://www.transfermarkt.com/john-stones/profil/spieler/186590"
"Premier League","Europe","England",2020,"Manchester City","50","Eric García","Centre-Back",2001-01-09,20,"Spain",2e+07,"https://www.transfermarkt.com/eric-garcia/profil/spieler/466794"
"Premier League","Europe","England",2020,"Manchester City","34","Philippe Sandler","Centre-Back",1997-02-10,24,"Netherlands",3500000,"https://www.transfermarkt.com/philippe-sandler/profil/spieler/340460"
"Premier League","Europe","England",2020,"Manchester City","22","Benjamin Mendy","Left-Back",1994-07-17,26,"France",2.8e+07,"https://www.transfermarkt.com/benjamin-mendy/profil/spieler/157495"
"Premier League","Europe","England",2020,"Manchester City","11","Oleksandr Zinchenko","Left-Back",1996-12-15,24,"Ukraine",2e+07,"https://www.transfermarkt.com/oleksandr-zinchenko/profil/spieler/203853"
"Premier League","Europe","England",2020,"Manchester City","2","Kyle Walker","Right-Back",1990-05-28,30,"England",4e+07,"https://www.transfermarkt.com/kyle-walker/profil/spieler/95424"
"Premier League","Europe","England",2020,"Manchester City","27","João Cancelo","Right-Back",1994-05-27,26,"Portugal",3.6e+07,"https://www.transfermarkt.com/joao-cancelo/profil/spieler/182712"
"Premier League","Europe","England",2020,"Manchester City","16","Rodri","Defensive Midfield",1996-06-22,24,"Spain",6.4e+07,"https://www.transfermarkt.com/rodri/profil/spieler/357565"
"Premier League","Europe","England",2020,"Manchester City","25","Fernandinho","Defensive Midfield",1985-05-04,35,"Brazil",4e+06,"https://www.transfermarkt.com/fernandinho/profil/spieler/26267"
"Premier League","Europe","England",2020,"Manchester City","47","Phil Foden","Central Midfield",2000-05-28,20,"England",6e+07,"https://www.transfermarkt.com/phil-foden/profil/spieler/406635"
"Premier League","Europe","England",2020,"Manchester City","8","Ilkay Gündogan","Central Midfield",1990-10-24,30,"Germany",4e+07,"https://www.transfermarkt.com/ilkay-gundogan/profil/spieler/53622"
"Premier League","Europe","England",2020,"Manchester City","17","Kevin De Bruyne","Attacking Midfield",1991-06-28,29,"Belgium",1.2e+08,"https://www.transfermarkt.com/kevin-de-bruyne/profil/spieler/88755"
"Premier League","Europe","England",2020,"Manchester City","7","Raheem Sterling","Left Winger",1994-12-08,26,"England",1.1e+08,"https://www.transfermarkt.com/raheem-sterling/profil/spieler/134425"
"Premier League","Europe","England",2020,"Manchester City","20","Bernardo Silva","Right Winger",1994-08-10,26,"Portugal",7e+07,"https://www.transfermarkt.com/bernardo-silva/profil/spieler/241641"
"Premier League","Europe","England",2020,"Manchester City","21","Ferran Torres","Right Winger",2000-02-29,20,"Spain",5e+07,"https://www.transfermarkt.com/ferran-torres/profil/spieler/398184"
"Premier League","Europe","England",2020,"Manchester City","26","Riyad Mahrez","Right Winger",1991-02-21,29,"Algeria",4.8e+07,"https://www.transfermarkt.com/riyad-mahrez/profil/spieler/171424"
"Premier League","Europe","England",2020,"Manchester City","9","Gabriel Jesus","Centre-Forward",1997-04-03,23,"Brazil",6e+07,"https://www.transfermarkt.com/gabriel-jesus/profil/spieler/363205"
"Premier League","Europe","England",2020,"Manchester City","10","Sergio Agüero","Centre-Forward",1988-06-02,32,"Argentina",3.5e+07,"https://www.transfermarkt.com/sergio-aguero/profil/spieler/26399"
"Premier League","Europe","England",2020,"Chelsea FC","16","Edouard Mendy","Goalkeeper",1992-03-01,28,"Senegal",2.5e+07,"https://www.transfermarkt.com/edouard-mendy/profil/spieler/442531"
"Premier League","Europe","England",2020,"Chelsea FC","1","Kepa","Goalkeeper",1994-10-03,26,"Spain",1.5e+07,"https://www.transfermarkt.com/kepa/profil/spieler/192279"
"Premier League","Europe","England",2020,"Chelsea FC","13","Willy Caballero","Goalkeeper",1981-09-28,39,"Argentina",5e+05,"https://www.transfermarkt.com/willy-caballero/profil/spieler/19948"
"Premier League","Europe","England",2020,"Chelsea FC","40","Karlo Ziger","Goalkeeper",2001-05-11,19,"Croatia",150000,"https://www.transfermarkt.com/karlo-ziger/profil/spieler/526258"
"Premier League","Europe","England",2020,"Chelsea FC","15","Kurt Zouma","Centre-Back",1994-10-27,26,"France",3.5e+07,"https://www.transfermarkt.com/kurt-zouma/profil/spieler/157509"
"Premier League","Europe","England",2020,"Chelsea FC","2","Antonio Rüdiger","Centre-Back",1993-03-03,27,"Germany",2.5e+07,"https://www.transfermarkt.com/antonio-rudiger/profil/spieler/86202"
"Premier League","Europe","England",2020,"Chelsea FC","4","Andreas Christensen","Centre-Back",1996-04-10,24,"Denmark",2.4e+07,"https://www.transfermarkt.com/andreas-christensen/profil/spieler/196948"
"Premier League","Europe","England",2020,"Chelsea FC","6","Thiago Silva","Centre-Back",1984-09-22,36,"Brazil",4500000,"https://www.transfermarkt.com/thiago-silva/profil/spieler/29241"
"Premier League","Europe","England",2020,"Chelsea FC","21","Ben Chilwell","Left-Back",1996-12-21,24,"England",5e+07,"https://www.transfermarkt.com/ben-chilwell/profil/spieler/316125"
"Premier League","Europe","England",2020,"Chelsea FC","33","Emerson","Left-Back",1994-08-03,26,"Italy",1.5e+07,"https://www.transfermarkt.com/emerson/profil/spieler/181778"
"Premier League","Europe","England",2020,"Chelsea FC","3","Marcos Alonso","Left-Back",1990-12-28,30,"Spain",1.3e+07,"https://www.transfermarkt.com/marcos-alonso/profil/spieler/112515"
"Premier League","Europe","England",2020,"Chelsea FC","24","Reece James","Right-Back",1999-12-08,21,"England",3.5e+07,"https://www.transfermarkt.com/reece-james/profil/spieler/472423"
"Premier League","Europe","England",2020,"Chelsea FC","28","César Azpilicueta","Right-Back",1989-08-28,31,"Spain",1.7e+07,"https://www.transfermarkt.com/cesar-azpilicueta/profil/spieler/57500"
"Premier League","Europe","England",2020,"Chelsea FC","5","Jorginho","Defensive Midfield",1991-12-20,29,"Italy",5e+07,"https://www.transfermarkt.com/jorginho/profil/spieler/102017"
"Premier League","Europe","England",2020,"Chelsea FC","7","N'Golo Kanté","Central Midfield",1991-03-29,29,"France",6e+07,"https://www.transfermarkt.com/ngolo-kante/profil/spieler/225083"
"Premier League","Europe","England",2020,"Chelsea FC","17","Mateo Kovacic","Central Midfield",1994-05-06,26,"Croatia",4.5e+07,"https://www.transfermarkt.com/mateo-kovacic/profil/spieler/51471"
"Premier League","Europe","England",2020,"Chelsea FC","23","Billy Gilmour","Central Midfield",2001-06-11,19,"Scotland",7500000,"https://www.transfermarkt.com/billy-gilmour/profil/spieler/423744"
"Premier League","Europe","England",2020,"Chelsea FC","29","Kai Havertz","Attacking Midfield",1999-06-11,21,"Germany",8.1e+07,"https://www.transfermarkt.com/kai-havertz/profil/spieler/309400"
"Premier League","Europe","England",2020,"Chelsea FC","19","Mason Mount","Attacking Midfield",1999-01-10,22,"England",4.5e+07,"https://www.transfermarkt.com/mason-mount/profil/spieler/346483"
"Premier League","Europe","England",2020,"Chelsea FC","-","Charly Musonda Jr.","Attacking Midfield",1996-10-15,24,"Belgium",1e+06,"https://www.transfermarkt.com/charly-musonda-jr-/profil/spieler/177862"
"Premier League","Europe","England",2020,"Chelsea FC","20","Callum Hudson-Odoi","Left Winger",2000-11-07,20,"England",3.5e+07,"https://www.transfermarkt.com/callum-hudson-odoi/profil/spieler/392768"
"Premier League","Europe","England",2020,"Chelsea FC","10","Christian Pulisic","Right Winger",1998-09-18,22,"United States",6e+07,"https://www.transfermarkt.com/christian-pulisic/profil/spieler/315779"
"Premier League","Europe","England",2020,"Chelsea FC","22","Hakim Ziyech","Right Winger",1993-03-19,27,"Morocco",4.5e+07,"https://www.transfermarkt.com/hakim-ziyech/profil/spieler/217111"
"Premier League","Europe","England",2020,"Chelsea FC","11","Timo Werner","Centre-Forward",1996-03-06,24,"Germany",7e+07,"https://www.transfermarkt.com/timo-werner/profil/spieler/170527"
"Premier League","Europe","England",2020,"Chelsea FC","9","Tammy Abraham","Centre-Forward",1997-10-02,23,"England",4e+07,"https://www.transfermarkt.com/tammy-abraham/profil/spieler/331726"
"Premier League","Europe","England",2020,"Chelsea FC","18","Olivier Giroud","Centre-Forward",1986-09-30,34,"France",5e+06,"https://www.transfermarkt.com/olivier-giroud/profil/spieler/82442"
"Premier League","Europe","England",2020,"Manchester United","1","David de Gea","Goalkeeper",1990-11-07,30,"Spain",2.5e+07,"https://www.transfermarkt.com/david-de-gea/profil/spieler/59377"
"Premier League","Europe","England",2020,"Manchester United","26","Dean Henderson","Goalkeeper",1997-03-12,23,"England",2e+07,"https://www.transfermarkt.com/dean-henderson/profil/spieler/258919"
"Premier League","Europe","England",2020,"Manchester United","22","Sergio Romero","Goalkeeper",1987-02-22,33,"Argentina",2e+06,"https://www.transfermarkt.com/sergio-romero/profil/spieler/30690"
"Premier League","Europe","England",2020,"Manchester United","13","Lee Grant","Goalkeeper",1983-01-27,38,"England",350000,"https://www.transfermarkt.com/lee-grant/profil/spieler/13460"
"Premier League","Europe","England",2020,"Manchester United","5","Harry Maguire","Centre-Back",1993-03-05,27,"England",4e+07,"https://www.transfermarkt.com/harry-maguire/profil/spieler/177907"
"Premier League","Europe","England",2020,"Manchester United","2","Victor Lindelöf","Centre-Back",1994-07-17,26,"Sweden",2.4e+07,"https://www.transfermarkt.com/victor-lindelof/profil/spieler/184573"
"Premier League","Europe","England",2020,"Manchester United","3","Eric Bailly","Centre-Back",1994-04-12,26,"Cote d'Ivoire",17500000,"https://www.transfermarkt.com/eric-bailly/profil/spieler/286384"
"Premier League","Europe","England",2020,"Manchester United","38","Axel Tuanzebe","Centre-Back",1997-11-14,23,"England",8e+06,"https://www.transfermarkt.com/axel-tuanzebe/profil/spieler/342046"
"Premier League","Europe","England",2020,"Manchester United","4","Phil Jones","Centre-Back",1992-02-21,28,"England",6e+06,"https://www.transfermarkt.com/phil-jones/profil/spieler/117996"
"Premier League","Europe","England",2020,"Manchester United","27","Alex Telles","Left-Back",1992-12-15,28,"Brazil",3.5e+07,"https://www.transfermarkt.com/alex-telles/profil/spieler/255755"
"Premier League","Europe","England",2020,"Manchester United","23","Luke Shaw","Left-Back",1995-07-12,25,"England",2.2e+07,"https://www.transfermarkt.com/luke-shaw/profil/spieler/183288"
"Premier League","Europe","England",2020,"Manchester United","33","Brandon Williams","Left-Back",2000-09-03,20,"England",1.1e+07,"https://www.transfermarkt.com/brandon-williams/profil/spieler/507700"
"Premier League","Europe","England",2020,"Manchester United","29","Aaron Wan-Bissaka","Right-Back",1997-11-26,23,"England",4e+07,"https://www.transfermarkt.com/aaron-wan-bissaka/profil/spieler/477758"
"Premier League","Europe","England",2020,"Manchester United","31","Nemanja Matic","Defensive Midfield",1988-08-01,32,"Serbia",1.2e+07,"https://www.transfermarkt.com/nemanja-matic/profil/spieler/74683"
"Premier League","Europe","England",2020,"Manchester United","6","Paul Pogba","Central Midfield",1993-03-15,27,"France",6.5e+07,"https://www.transfermarkt.com/paul-pogba/profil/spieler/122153"
"Premier League","Europe","England",2020,"Manchester United","34","Donny van de Beek","Central Midfield",1997-04-18,23,"Netherlands",4e+07,"https://www.transfermarkt.com/donny-van-de-beek/profil/spieler/288255"
"Premier League","Europe","England",2020,"Manchester United","39","Scott McTominay","Central Midfield",1996-12-08,24,"Scotland",2.5e+07,"https://www.transfermarkt.com/scott-mctominay/profil/spieler/315969"
"Premier League","Europe","England",2020,"Manchester United","17","Fred","Central Midfield",1993-03-05,27,"Brazil",2e+07,"https://www.transfermarkt.com/fred/profil/spieler/191614"
"Premier League","Europe","England",2020,"Manchester United","18","Bruno Fernandes","Attacking Midfield",1994-09-08,26,"Portugal",9e+07,"https://www.transfermarkt.com/bruno-fernandes/profil/spieler/240306"
"Premier League","Europe","England",2020,"Manchester United","8","Juan Mata","Attacking Midfield",1988-04-28,32,"Spain",7500000,"https://www.transfermarkt.com/juan-mata/profil/spieler/44068"
"Premier League","Europe","England",2020,"Manchester United","10","Marcus Rashford","Left Winger",1997-10-31,23,"England",8e+07,"https://www.transfermarkt.com/marcus-rashford/profil/spieler/258923"
"Premier League","Europe","England",2020,"Manchester United","21","Daniel James","Left Winger",1997-11-10,23,"Wales",1.6e+07,"https://www.transfermarkt.com/daniel-james/profil/spieler/319301"
"Premier League","Europe","England",2020,"Manchester United","11","Mason Greenwood","Right Winger",2001-10-01,19,"England",5e+07,"https://www.transfermarkt.com/mason-greenwood/profil/spieler/532826"
"Premier League","Europe","England",2020,"Manchester United","19","Amad Diallo","Right Winger",2002-07-11,18,"Cote d'Ivoire",1.5e+07,"https://www.transfermarkt.com/amad-diallo/profil/spieler/536835"
"Premier League","Europe","England",2020,"Manchester United","9","Anthony Martial","Centre-Forward",1995-12-05,25,"France",5.5e+07,"https://www.transfermarkt.com/anthony-martial/profil/spieler/182877"
"Premier League","Europe","England",2020,"Manchester United","7","Edinson Cavani","Centre-Forward",1987-02-14,33,"Uruguay",1.2e+07,"https://www.transfermarkt.com/edinson-cavani/profil/spieler/48280"
"Premier League","Europe","England",2020,"Tottenham Hotspur","1","Hugo Lloris","Goalkeeper",1986-12-26,34,"France",1.2e+07,"https://www.transfermarkt.com/hugo-lloris/profil/spieler/17965"
"Premier League","Europe","England",2020,"Tottenham Hotspur","12","Joe Hart","Goalkeeper",1987-04-19,33,"England",2400000,"https://www.transfermarkt.com/joe-hart/profil/spieler/40204"
"Premier League","Europe","England",2020,"Tottenham Hotspur","41","Alfie Whiteman","Goalkeeper",1998-10-02,22,"England",750000,"https://www.transfermarkt.com/alfie-whiteman/profil/spieler/282823"
"Premier League","Europe","England",2020,"Tottenham Hotspur","6","Davinson Sánchez","Centre-Back",1996-06-12,24,"Colombia",4e+07,"https://www.transfermarkt.com/davinson-sanchez/profil/spieler/341429"
"Premier League","Europe","England",2020,"Tottenham Hotspur","15","Eric Dier","Centre-Back",1994-01-15,27,"England",2.5e+07,"https://www.transfermarkt.com/eric-dier/profil/spieler/175722"
"Premier League","Europe","England",2020,"Tottenham Hotspur","4","Toby Alderweireld","Centre-Back",1989-03-02,31,"Belgium",2e+07,"https://www.transfermarkt.com/toby-alderweireld/profil/spieler/42710"
"Premier League","Europe","England",2020,"Tottenham Hotspur","14","Joe Rodon","Centre-Back",1997-10-22,23,"Wales",1e+07,"https://www.transfermarkt.com/joe-rodon/profil/spieler/297212"
"Premier League","Europe","England",2020,"Tottenham Hotspur","25","Japhet Tanganga","Centre-Back",1999-03-31,21,"England",8e+06,"https://www.transfermarkt.com/japhet-tanganga/profil/spieler/346478"
"Premier League","Europe","England",2020,"Tottenham Hotspur","3","Sergio Reguilón","Left-Back",1996-12-16,24,"Spain",2.8e+07,"https://www.transfermarkt.com/sergio-reguilon/profil/spieler/282429"
"Premier League","Europe","England",2020,"Tottenham Hotspur","33","Ben Davies","Left-Back",1993-04-24,27,"Wales",17500000,"https://www.transfermarkt.com/ben-davies/profil/spieler/192765"
"Premier League","Europe","England",2020,"Tottenham Hotspur","-","Danny Rose","Left-Back",1990-07-02,30,"England",6e+06,"https://www.transfermarkt.com/danny-rose/profil/spieler/50174"
"Premier League","Europe","England",2020,"Tottenham Hotspur","2","Matt Doherty","Right-Back",1992-01-16,29,"Ireland",2e+07,"https://www.transfermarkt.com/matt-doherty/profil/spieler/171679"
"Premier League","Europe","England",2020,"Tottenham Hotspur","24","Serge Aurier","Right-Back",1992-12-24,28,"Cote d'Ivoire",2e+07,"https://www.transfermarkt.com/serge-aurier/profil/spieler/127032"
"Premier League","Europe","England",2020,"Tottenham Hotspur","8","Harry Winks","Defensive Midfield",1996-02-02,25,"England",2.5e+07,"https://www.transfermarkt.com/harry-winks/profil/spieler/249126"
"Premier League","Europe","England",2020,"Tottenham Hotspur","28","Tanguy Ndombélé","Central Midfield",1996-12-28,24,"France",4.5e+07,"https://www.transfermarkt.com/tanguy-ndombele/profil/spieler/450936"
"Premier League","Europe","England",2020,"Tottenham Hotspur","18","Giovani Lo Celso","Central Midfield",1996-04-09,24,"Argentina",3.5e+07,"https://www.transfermarkt.com/giovani-lo-celso/profil/spieler/348795"
"Premier League","Europe","England",2020,"Tottenham Hotspur","5","Pierre-Emile Höjbjerg","Central Midfield",1995-08-05,25,"Denmark",3e+07,"https://www.transfermarkt.com/pierre-emile-hojbjerg/profil/spieler/167799"
"Premier League","Europe","England",2020,"Tottenham Hotspur","17","Moussa Sissoko","Central Midfield",1989-08-16,31,"France",1.8e+07,"https://www.transfermarkt.com/moussa-sissoko/profil/spieler/46001"
"Premier League","Europe","England",2020,"Tottenham Hotspur","20","Dele Alli","Attacking Midfield",1996-04-11,24,"England",3.8e+07,"https://www.transfermarkt.com/dele-alli/profil/spieler/207929"
"Premier League","Europe","England",2020,"Tottenham Hotspur","7","Heung-min Son","Left Winger",1992-07-08,28,"Korea, South",9e+07,"https://www.transfermarkt.com/heung-min-son/profil/spieler/91845"
"Premier League","Europe","England",2020,"Tottenham Hotspur","23","Steven Bergwijn","Left Winger",1997-10-08,23,"Netherlands",2.8e+07,"https://www.transfermarkt.com/steven-bergwijn/profil/spieler/284165"
"Premier League","Europe","England",2020,"Tottenham Hotspur","27","Lucas Moura","Right Winger",1992-08-13,28,"Brazil",2.5e+07,"https://www.transfermarkt.com/lucas-moura/profil/spieler/77100"
"Premier League","Europe","England",2020,"Tottenham Hotspur","9","Gareth Bale","Right Winger",1989-07-16,31,"Wales",2e+07,"https://www.transfermarkt.com/gareth-bale/profil/spieler/39381"
"Premier League","Europe","England",2020,"Tottenham Hotspur","11","Erik Lamela","Right Winger",1992-03-04,28,"Argentina",1.6e+07,"https://www.transfermarkt.com/erik-lamela/profil/spieler/111630"
"Premier League","Europe","England",2020,"Tottenham Hotspur","10","Harry Kane","Centre-Forward",1993-07-28,27,"England",1.2e+08,"https://www.transfermarkt.com/harry-kane/profil/spieler/132098"
"Premier League","Europe","England",2020,"Tottenham Hotspur","45","Carlos Vinícius","Centre-Forward",1995-03-25,25,"Brazil",2e+07,"https://www.transfermarkt.com/carlos-vinicius/profil/spieler/525287"
"Premier League","Europe","England",2020,"Arsenal FC","1","Bernd Leno","Goalkeeper",1992-03-04,28,"Germany",3.2e+07,"https://www.transfermarkt.com/bernd-leno/profil/spieler/72476"
"Premier League","Europe","England",2020,"Arsenal FC","33","Mathew Ryan","Goalkeeper",1992-04-08,28,"Australia",8e+06,"https://www.transfermarkt.com/mathew-ryan/profil/spieler/128969"
"Premier League","Europe","England",2020,"Arsenal FC","13","Rúnar Alex Rúnarsson","Goalkeeper",1995-02-18,25,"Iceland",2e+06,"https://www.transfermarkt.com/runar-alex-runarsson/profil/spieler/205657"
"Premier League","Europe","England",2020,"Arsenal FC","44","Dejan Iliev","Goalkeeper",1995-02-25,25,"North Macedonia",3e+05,"https://www.transfermarkt.com/dejan-iliev/profil/spieler/205757"
"Premier League","Europe","England",2020,"Arsenal FC","6","Gabriel","Centre-Back",1997-12-19,23,"Brazil",2.8e+07,"https://www.transfermarkt.com/gabriel/profil/spieler/435338"
"Premier League","Europe","England",2020,"Arsenal FC","21","Calum Chambers","Centre-Back",1995-01-20,26,"England",14500000,"https://www.transfermarkt.com/calum-chambers/profil/spieler/215118"
"Premier League","Europe","England",2020,"Arsenal FC","16","Rob Holding","Centre-Back",1995-09-20,25,"England",1.2e+07,"https://www.transfermarkt.com/rob-holding/profil/spieler/253341"
"Premier League","Europe","England",2020,"Arsenal FC","22","Pablo Marí","Centre-Back",1993-08-31,27,"Spain",7e+06,"https://www.transfermarkt.com/pablo-mari/profil/spieler/210178"
"Premier League","Europe","England",2020,"Arsenal FC","23","David Luiz","Centre-Back",1987-04-22,33,"Brazil",6e+06,"https://www.transfermarkt.com/david-luiz/profil/spieler/46741"
"Premier League","Europe","England",2020,"Arsenal FC","3","Kieran Tierney","Left-Back",1997-06-05,23,"Scotland",2.8e+07,"https://www.transfermarkt.com/kieran-tierney/profil/spieler/300716"
"Premier League","Europe","England",2020,"Arsenal FC","2","Héctor Bellerín","Right-Back",1995-03-19,25,"Spain",2.8e+07,"https://www.transfermarkt.com/hector-bellerin/profil/spieler/191217"
"Premier League","Europe","England",2020,"Arsenal FC","17","Cédric Soares","Right-Back",1991-08-31,29,"Portugal",4e+06,"https://www.transfermarkt.com/cedric-soares/profil/spieler/112988"
"Premier League","Europe","England",2020,"Arsenal FC","18","Thomas Partey","Defensive Midfield",1993-06-13,27,"Ghana",5e+07,"https://www.transfermarkt.com/thomas-partey/profil/spieler/230784"
"Premier League","Europe","England",2020,"Arsenal FC","34","Granit Xhaka","Defensive Midfield",1992-09-27,28,"Switzerland",2.5e+07,"https://www.transfermarkt.com/granit-xhaka/profil/spieler/111455"
"Premier League","Europe","England",2020,"Arsenal FC","25","Mohamed Elneny","Defensive Midfield",1992-07-11,28,"Egypt",7e+06,"https://www.transfermarkt.com/mohamed-elneny/profil/spieler/160438"
"Premier League","Europe","England",2020,"Arsenal FC","8","Dani Ceballos","Central Midfield",1996-08-07,24,"Spain",3.2e+07,"https://www.transfermarkt.com/dani-ceballos/profil/spieler/319745"
"Premier League","Europe","England",2020,"Arsenal FC","7","Bukayo Saka","Left Midfield",2001-09-05,19,"England",4e+07,"https://www.transfermarkt.com/bukayo-saka/profil/spieler/433177"
"Premier League","Europe","England",2020,"Arsenal FC","11","Martin Ødegaard","Attacking Midfield",1998-12-17,22,"Norway",4e+07,"https://www.transfermarkt.com/martin-odegaard/profil/spieler/316264"
"Premier League","Europe","England",2020,"Arsenal FC","32","Emile Smith Rowe","Attacking Midfield",2000-07-28,20,"England",2700000,"https://www.transfermarkt.com/emile-smith-rowe/profil/spieler/392765"
"Premier League","Europe","England",2020,"Arsenal FC","35","Gabriel Martinelli","Left Winger",2001-06-18,19,"Brazil",2.5e+07,"https://www.transfermarkt.com/gabriel-martinelli/profil/spieler/655488"
"Premier League","Europe","England",2020,"Arsenal FC","19","Nicolas Pépé","Right Winger",1995-05-29,25,"Cote d'Ivoire",4e+07,"https://www.transfermarkt.com/nicolas-pepe/profil/spieler/343052"
"Premier League","Europe","England",2020,"Arsenal FC","12","Willian","Right Winger",1988-08-09,32,"Brazil",1.5e+07,"https://www.transfermarkt.com/willian/profil/spieler/52769"
"Premier League","Europe","England",2020,"Arsenal FC","24","Reiss Nelson","Right Winger",1999-12-10,21,"England",12500000,"https://www.transfermarkt.com/reiss-nelson/profil/spieler/340325"
"Premier League","Europe","England",2020,"Arsenal FC","14","Pierre-Emerick Aubameyang","Centre-Forward",1989-06-18,31,"Gabon",4e+07,"https://www.transfermarkt.com/pierre-emerick-aubameyang/profil/spieler/58864"
"Premier League","Europe","England",2020,"Arsenal FC","9","Alexandre Lacazette","Centre-Forward",1991-05-28,29,"France",3.5e+07,"https://www.transfermarkt.com/alexandre-lacazette/profil/spieler/93720"
"Premier League","Europe","England",2020,"Arsenal FC","30","Eddie Nketiah","Centre-Forward",1999-05-30,21,"England",2e+07,"https://www.transfermarkt.com/eddie-nketiah/profil/spieler/340324"
"Premier League","Europe","England",2020,"Everton FC","1","Jordan Pickford","Goalkeeper",1994-03-07,26,"England",2.6e+07,"https://www.transfermarkt.com/jordan-pickford/profil/spieler/130164"
"Premier League","Europe","England",2020,"Everton FC","33","Robin Olsen","Goalkeeper",1990-01-08,31,"Sweden",5e+06,"https://www.transfermarkt.com/robin-olsen/profil/spieler/75458"
"Premier League","Europe","England",2020,"Everton FC","31","João Virgínia","Goalkeeper",1999-10-10,21,"Portugal",5e+05,"https://www.transfermarkt.com/joao-virginia/profil/spieler/329813"
"Premier League","Europe","England",2020,"Everton FC","5","Michael Keane","Centre-Back",1993-01-11,28,"England",2.8e+07,"https://www.transfermarkt.com/michael-keane/profil/spieler/118534"
"Premier League","Europe","England",2020,"Everton FC","22","Ben Godfrey","Centre-Back",1998-01-15,23,"England",2.5e+07,"https://www.transfermarkt.com/ben-godfrey/profil/spieler/343475"
"Premier League","Europe","England",2020,"Everton FC","13","Yerry Mina","Centre-Back",1994-09-23,26,"Colombia",2e+07,"https://www.transfermarkt.com/yerry-mina/profil/spieler/289446"
"Premier League","Europe","England",2020,"Everton FC","4","Mason Holgate","Centre-Back",1996-10-22,24,"England",1.8e+07,"https://www.transfermarkt.com/mason-holgate/profil/spieler/348623"
"Premier League","Europe","England",2020,"Everton FC","12","Lucas Digne","Left-Back",1993-07-20,27,"France",3.3e+07,"https://www.transfermarkt.com/lucas-digne/profil/spieler/126664"
"Premier League","Europe","England",2020,"Everton FC","18","Niels Nkounkou","Left-Back",2000-11-01,20,"France",3e+06,"https://www.transfermarkt.com/niels-nkounkou/profil/spieler/591193"
"Premier League","Europe","England",2020,"Everton FC","23","Seamus Coleman","Right-Back",1988-10-11,32,"Ireland",9500000,"https://www.transfermarkt.com/seamus-coleman/profil/spieler/68390"
"Premier League","Europe","England",2020,"Everton FC","25","Jean-Philippe Gbamin","Defensive Midfield",1995-09-25,25,"Cote d'Ivoire",2e+07,"https://www.transfermarkt.com/jean-philippe-gbamin/profil/spieler/182894"
"Premier League","Europe","England",2020,"Everton FC","6","Allan","Central Midfield",1991-01-08,30,"Brazil",2.5e+07,"https://www.transfermarkt.com/allan/profil/spieler/126422"
"Premier League","Europe","England",2020,"Everton FC","16","Abdoulaye Doucouré","Central Midfield",1993-01-01,28,"France",2.5e+07,"https://www.transfermarkt.com/abdoulaye-doucoure/profil/spieler/127187"
"Premier League","Europe","England",2020,"Everton FC","21","André Gomes","Central Midfield",1993-07-30,27,"Portugal",2e+07,"https://www.transfermarkt.com/andre-gomes/profil/spieler/221025"
"Premier League","Europe","England",2020,"Everton FC","26","Tom Davies","Central Midfield",1998-06-30,22,"England",1.6e+07,"https://www.transfermarkt.com/tom-davies/profil/spieler/314210"
"Premier League","Europe","England",2020,"Everton FC","8","Fabian Delph","Central Midfield",1989-11-21,31,"England",8e+06,"https://www.transfermarkt.com/fabian-delph/profil/spieler/50362"
"Premier League","Europe","England",2020,"Everton FC","19","James Rodríguez","Attacking Midfield",1991-07-12,29,"Colombia",3.5e+07,"https://www.transfermarkt.com/james-rodriguez/profil/spieler/88103"
"Premier League","Europe","England",2020,"Everton FC","10","Gylfi Sigurdsson","Attacking Midfield",1989-09-08,31,"Iceland",1.8e+07,"https://www.transfermarkt.com/gylfi-sigurdsson/profil/spieler/90466"
"Premier League","Europe","England",2020,"Everton FC","7","Richarlison","Left Winger",1997-05-10,23,"Brazil",6e+07,"https://www.transfermarkt.com/richarlison/profil/spieler/378710"
"Premier League","Europe","England",2020,"Everton FC","17","Alex Iwobi","Left Winger",1996-05-03,24,"Nigeria",25500000,"https://www.transfermarkt.com/alex-iwobi/profil/spieler/242631"
"Premier League","Europe","England",2020,"Everton FC","20","Bernard","Left Winger",1992-09-08,28,"Brazil",1.5e+07,"https://www.transfermarkt.com/bernard/profil/spieler/175169"
"Premier League","Europe","England",2020,"Everton FC","11","Joshua King","Second Striker",1992-01-15,29,"Norway",1.1e+07,"https://www.transfermarkt.com/joshua-king/profil/spieler/91059"
"Premier League","Europe","England",2020,"Everton FC","9","Dominic Calvert-Lewin","Centre-Forward",1997-03-16,23,"England",4.5e+07,"https://www.transfermarkt.com/dominic-calvert-lewin/profil/spieler/306024"
"Premier League","Europe","England",2020,"Leicester City","1","Kasper Schmeichel","Goalkeeper",1986-11-05,34,"Denmark",8e+06,"https://www.transfermarkt.com/kasper-schmeichel/profil/spieler/16911"
"Premier League","Europe","England",2020,"Leicester City","12","Danny Ward","Goalkeeper",1993-06-22,27,"Wales",6500000,"https://www.transfermarkt.com/danny-ward/profil/spieler/203026"
"Premier League","Europe","England",2020,"Leicester City","35","Eldin Jakupovic","Goalkeeper",1984-10-02,36,"Switzerland",6e+05,"https://www.transfermarkt.com/eldin-jakupovic/profil/spieler/2857"
"Premier League","Europe","England",2020,"Leicester City","4","Caglar Söyüncü","Centre-Back",1996-05-23,24,"Turkey",4e+07,"https://www.transfermarkt.com/caglar-soyuncu/profil/spieler/320141"
"Premier League","Europe","England",2020,"Leicester City","3","Wesley Fofana","Centre-Back",2000-12-17,20,"France",2.7e+07,"https://www.transfermarkt.com/wesley-fofana/profil/spieler/475411"
"Premier League","Europe","England",2020,"Leicester City","6","Jonny Evans","Centre-Back",1988-01-03,33,"Northern Ireland",1e+07,"https://www.transfermarkt.com/jonny-evans/profil/spieler/42412"
"Premier League","Europe","England",2020,"Leicester City","5","Wes Morgan","Centre-Back",1984-01-21,37,"Jamaica",8e+05,"https://www.transfermarkt.com/wes-morgan/profil/spieler/10003"
"Premier League","Europe","England",2020,"Leicester City","33","Luke Thomas","Left-Back",2001-06-10,19,"England",2500000,"https://www.transfermarkt.com/luke-thomas/profil/spieler/505194"
"Premier League","Europe","England",2020,"Leicester City","28","Christian Fuchs","Left-Back",1986-04-07,34,"Austria",1600000,"https://www.transfermarkt.com/christian-fuchs/profil/spieler/6636"
"Premier League","Europe","England",2020,"Leicester City","21","Ricardo Pereira","Right-Back",1993-10-06,27,"Portugal",3.2e+07,"https://www.transfermarkt.com/ricardo-pereira/profil/spieler/215876"
"Premier League","Europe","England",2020,"Leicester City","27","Timothy Castagne","Right-Back",1995-12-05,25,"Belgium",2.4e+07,"https://www.transfermarkt.com/timothy-castagne/profil/spieler/262226"
"Premier League","Europe","England",2020,"Leicester City","2","James Justin","Right-Back",1998-02-23,22,"England",1.7e+07,"https://www.transfermarkt.com/james-justin/profil/spieler/413220"
"Premier League","Europe","England",2020,"Leicester City","25","Wilfred Ndidi","Defensive Midfield",1996-12-16,24,"Nigeria",4.5e+07,"https://www.transfermarkt.com/wilfred-ndidi/profil/spieler/274839"
"Premier League","Europe","England",2020,"Leicester City","20","Hamza Choudhury","Defensive Midfield",1997-10-01,23,"England",8e+06,"https://www.transfermarkt.com/hamza-choudhury/profil/spieler/341501"
"Premier League","Europe","England",2020,"Leicester City","24","Nampalys Mendy","Defensive Midfield",1992-06-23,28,"France",8e+06,"https://www.transfermarkt.com/nampalys-mendy/profil/spieler/111051"
"Premier League","Europe","England",2020,"Leicester City","18","Daniel Amartey","Defensive Midfield",1994-12-21,26,"Ghana",3500000,"https://www.transfermarkt.com/daniel-amartey/profil/spieler/214056"
"Premier League","Europe","England",2020,"Leicester City","8","Youri Tielemans","Central Midfield",1997-05-07,23,"Belgium",5e+07,"https://www.transfermarkt.com/youri-tielemans/profil/spieler/249565"
"Premier League","Europe","England",2020,"Leicester City","26","Dennis Praet","Central Midfield",1994-05-14,26,"Belgium",2.2e+07,"https://www.transfermarkt.com/dennis-praet/profil/spieler/129588"
"Premier League","Europe","England",2020,"Leicester City","11","Marc Albrighton","Right Midfield",1989-11-18,31,"England",5e+06,"https://www.transfermarkt.com/marc-albrighton/profil/spieler/61560"
"Premier League","Europe","England",2020,"Leicester City","15","Harvey Barnes","Left Midfield",1997-12-09,23,"England",2.8e+07,"https://www.transfermarkt.com/harvey-barnes/profil/spieler/398065"
"Premier League","Europe","England",2020,"Leicester City","10","James Maddison","Attacking Midfield",1996-11-23,24,"England",5.5e+07,"https://www.transfermarkt.com/james-maddison/profil/spieler/294057"
"Premier League","Europe","England",2020,"Leicester City","19","Cengiz Ünder","Right Winger",1997-07-14,23,"Turkey",2.3e+07,"https://www.transfermarkt.com/cengiz-under/profil/spieler/341647"
"Premier League","Europe","England",2020,"Leicester City","17","Ayoze Pérez","Second Striker",1993-07-29,27,"Spain",2e+07,"https://www.transfermarkt.com/ayoze-perez/profil/spieler/246968"
"Premier League","Europe","England",2020,"Leicester City","9","Jamie Vardy","Centre-Forward",1987-01-11,34,"England",1.6e+07,"https://www.transfermarkt.com/jamie-vardy/profil/spieler/197838"
"Premier League","Europe","England",2020,"Leicester City","14","Kelechi Iheanacho","Centre-Forward",1996-10-03,24,"Nigeria",1.5e+07,"https://www.transfermarkt.com/kelechi-iheanacho/profil/spieler/295330"
"Premier League","Europe","England",2020,"Wolverhampton Wanderers","11","Rui Patrício","Goalkeeper",1988-02-15,32,"Portugal",1.4e+07,"https://www.transfermarkt.com/rui-patricio/profil/spieler/45026"
"Premier League","Europe","England",2020,"Wolverhampton Wanderers","21","John Ruddy","Goalkeeper",1986-10-24,34,"England",1500000,"https://www.transfermarkt.com/john-ruddy/profil/spieler/29712"
"Premier League","Europe","England",2020,"Wolverhampton Wanderers","16","Conor Coady","Centre-Back",1993-02-25,27,"England",2.5e+07,"https://www.transfermarkt.com/conor-coady/profil/spieler/128901"
"Premier League","Europe","England",2020,"Wolverhampton Wanderers","15","Willy Boly","Centre-Back",1991-02-03,30,"Cote d'Ivoire",1.6e+07,"https://www.transfermarkt.com/willy-boly/profil/spieler/142310"
"Premier League","Europe","England",2020,"Wolverhampton Wanderers","27","Romain Saïss","Centre-Back",1990-03-26,30,"Morocco",1e+07,"https://www.transfermarkt.com/romain-saiss/profil/spieler/204198"
"Premier League","Europe","England",2020,"Wolverhampton Wanderers","49","Max Kilman","Centre-Back",1997-05-23,23,"England",4500000,"https://www.transfermarkt.com/max-kilman/profil/spieler/525247"
"Premier League","Europe","England",2020,"Wolverhampton Wanderers","3","Rayan Aït Nouri","Left-Back",2001-06-06,19,"France",2e+07,"https://www.transfermarkt.com/rayan-ait-nouri/profil/spieler/578391"
"Premier League","Europe","England",2020,"Wolverhampton Wanderers","19","Jonny Otto","Left-Back",1994-03-03,26,"Spain",1.6e+07,"https://www.transfermarkt.com/jonny-otto/profil/spieler/175446"
"Premier League","Europe","England",2020,"Wolverhampton Wanderers","5","Marçal","Left-Back",1989-02-19,31,"Brazil",2400000,"https://www.transfermarkt.com/marcal/profil/spieler/137745"
"Premier League","Europe","England",2020,"Wolverhampton Wanderers","22","Nélson Semedo","Right-Back",1993-11-16,27,"Portugal",3.5e+07,"https://www.transfermarkt.com/nelson-semedo/profil/spieler/231572"
"Premier League","Europe","England",2020,"Wolverhampton Wanderers","2","Ki-Jana Hoever","Right-Back",2002-01-18,19,"Netherlands",7e+06,"https://www.transfermarkt.com/ki-jana-hoever/profil/spieler/485583"
"Premier League","Europe","England",2020,"Wolverhampton Wanderers","8","Rúben Neves","Defensive Midfield",1997-03-13,23,"Portugal",5e+07,"https://www.transfermarkt.com/ruben-neves/profil/spieler/225161"
"Premier League","Europe","England",2020,"Wolverhampton Wanderers","32","Leander Dendoncker","Defensive Midfield",1995-04-15,25,"Belgium",3.2e+07,"https://www.transfermarkt.com/leander-dendoncker/profil/spieler/168157"
"Premier League","Europe","England",2020,"Wolverhampton Wanderers","54","Owen Otasowie","Defensive Midfield",2001-01-06,20,"United States",1500000,"https://www.transfermarkt.com/owen-otasowie/profil/spieler/511815"
"Premier League","Europe","England",2020,"Wolverhampton Wanderers","18","Morgan Gibbs-White","Central Midfield",2000-01-27,21,"England",6e+06,"https://www.transfermarkt.com/morgan-gibbs-white/profil/spieler/429014"
"Premier League","Europe","England",2020,"Wolverhampton Wanderers","20","Vitinha","Central Midfield",2000-02-13,21,"Portugal",5e+06,"https://www.transfermarkt.com/vitinha/profil/spieler/487469"
"Premier League","Europe","England",2020,"Wolverhampton Wanderers","28","João Moutinho","Central Midfield",1986-09-08,34,"Portugal",5e+06,"https://www.transfermarkt.com/joao-moutinho/profil/spieler/29364"
"Premier League","Europe","England",2020,"Wolverhampton Wanderers","7","Pedro Neto","Left Winger",2000-03-09,20,"Portugal",2.7e+07,"https://www.transfermarkt.com/pedro-neto/profil/spieler/487465"
"Premier League","Europe","England",2020,"Wolverhampton Wanderers","37","Adama Traoré","Right Winger",1996-01-25,25,"Spain",4e+07,"https://www.transfermarkt.com/adama-traore/profil/spieler/204103"
"Premier League","Europe","England",2020,"Wolverhampton Wanderers","10","Daniel Podence","Right Winger",1995-10-21,25,"Portugal",2.5e+07,"https://www.transfermarkt.com/daniel-podence/profil/spieler/256977"
"Premier League","Europe","England",2020,"Wolverhampton Wanderers","9","Raúl Jiménez","Centre-Forward",1991-05-05,29,"Mexico",4e+07,"https://www.transfermarkt.com/raul-jimenez/profil/spieler/206040"
"Premier League","Europe","England",2020,"Wolverhampton Wanderers","17","Fábio Silva","Centre-Forward",2002-07-19,18,"Portugal",2.5e+07,"https://www.transfermarkt.com/fabio-silva/profil/spieler/505653"
"Premier League","Europe","England",2020,"Wolverhampton Wanderers","12","Willian José","Centre-Forward",1991-11-23,29,"Brazil",2e+07,"https://www.transfermarkt.com/willian-jose/profil/spieler/122155"
"Premier League","Europe","England",2020,"Wolverhampton Wanderers","-","Renat Dadashov","Centre-Forward",1999-05-17,21,"Azerbaijan",3e+05,"https://www.transfermarkt.com/renat-dadashov/profil/spieler/335461"
"Premier League","Europe","England",2020,"Aston Villa","26","Emiliano Martínez","Goalkeeper",1992-09-02,28,"Argentina",1.8e+07,"https://www.transfermarkt.com/emiliano-martinez/profil/spieler/111873"
"Premier League","Europe","England",2020,"Aston Villa","1","Tom Heaton","Goalkeeper",1986-04-15,34,"England",3500000,"https://www.transfermarkt.com/tom-heaton/profil/spieler/34130"
"Premier League","Europe","England",2020,"Aston Villa","12","Jed Steer","Goalkeeper",1992-09-23,28,"England",1200000,"https://www.transfermarkt.com/jed-steer/profil/spieler/110867"
"Premier League","Europe","England",2020,"Aston Villa","5","Tyrone Mings","Centre-Back",1993-03-13,27,"England",2.7e+07,"https://www.transfermarkt.com/tyrone-mings/profil/spieler/253677"
"Premier League","Europe","England",2020,"Aston Villa","4","Ezri Konsa","Centre-Back",1997-10-23,23,"England",1.2e+07,"https://www.transfermarkt.com/ezri-konsa/profil/spieler/413403"
"Premier League","Europe","England",2020,"Aston Villa","22","Björn Engels","Centre-Back",1994-09-15,26,"Belgium",6500000,"https://www.transfermarkt.com/bjorn-engels/profil/spieler/193469"
"Premier League","Europe","England",2020,"Aston Villa","30","Kortney Hause","Centre-Back",1995-07-16,25,"England",4500000,"https://www.transfermarkt.com/kortney-hause/profil/spieler/233124"
"Premier League","Europe","England",2020,"Aston Villa","18","Matt Targett","Left-Back",1995-09-18,25,"England",10500000,"https://www.transfermarkt.com/matt-targett/profil/spieler/250478"
"Premier League","Europe","England",2020,"Aston Villa","3","Neil Taylor","Left-Back",1989-02-07,32,"Wales",2800000,"https://www.transfermarkt.com/neil-taylor/profil/spieler/67416"
"Premier League","Europe","England",2020,"Aston Villa","2","Matty Cash","Right-Back",1997-08-07,23,"England",1.2e+07,"https://www.transfermarkt.com/matty-cash/profil/spieler/425334"
"Premier League","Europe","England",2020,"Aston Villa","27","Ahmed Elmohamady","Right-Back",1987-09-09,33,"Egypt",2e+06,"https://www.transfermarkt.com/ahmed-elmohamady/profil/spieler/66333"
"Premier League","Europe","England",2020,"Aston Villa","6","Douglas Luiz","Defensive Midfield",1998-05-09,22,"Brazil",2.7e+07,"https://www.transfermarkt.com/douglas-luiz/profil/spieler/447661"
"Premier League","Europe","England",2020,"Aston Villa","19","Marvelous Nakamba","Defensive Midfield",1994-01-19,27,"Zimbabwe",8e+06,"https://www.transfermarkt.com/marvelous-nakamba/profil/spieler/324882"
"Premier League","Europe","England",2020,"Aston Villa","20","Ross Barkley","Central Midfield",1993-12-05,27,"England",21500000,"https://www.transfermarkt.com/ross-barkley/profil/spieler/131978"
"Premier League","Europe","England",2020,"Aston Villa","7","John McGinn","Central Midfield",1994-10-18,26,"Scotland",2e+07,"https://www.transfermarkt.com/john-mcginn/profil/spieler/193116"
"Premier League","Europe","England",2020,"Aston Villa","25","Morgan Sanson","Central Midfield",1994-08-18,26,"France",2e+07,"https://www.transfermarkt.com/morgan-sanson/profil/spieler/174094"
"Premier League","Europe","England",2020,"Aston Villa","41","Jacob Ramsey","Attacking Midfield",2001-05-28,19,"England",1500000,"https://www.transfermarkt.com/jacob-ramsey/profil/spieler/503749"
"Premier League","Europe","England",2020,"Aston Villa","10","Jack Grealish","Left Winger",1995-09-10,25,"England",5e+07,"https://www.transfermarkt.com/jack-grealish/profil/spieler/203460"
"Premier League","Europe","England",2020,"Aston Villa","17","Trezeguet","Left Winger",1994-10-01,26,"Egypt",1e+07,"https://www.transfermarkt.com/trezeguet/profil/spieler/234189"
"Premier League","Europe","England",2020,"Aston Villa","15","Bertrand Traoré","Right Winger",1995-09-06,25,"Burkina Faso",1.3e+07,"https://www.transfermarkt.com/bertrand-traore/profil/spieler/131996"
"Premier League","Europe","England",2020,"Aston Villa","21","Anwar El Ghazi","Right Winger",1995-05-03,25,"Netherlands",8e+06,"https://www.transfermarkt.com/anwar-el-ghazi/profil/spieler/183720"
"Premier League","Europe","England",2020,"Aston Villa","11","Ollie Watkins","Centre-Forward",1995-12-30,25,"England",3e+07,"https://www.transfermarkt.com/ollie-watkins/profil/spieler/324358"
"Premier League","Europe","England",2020,"Aston Villa","9","Wesley","Centre-Forward",1996-11-24,24,"Brazil",2e+07,"https://www.transfermarkt.com/wesley/profil/spieler/381362"
"Premier League","Europe","England",2020,"Aston Villa","39","Keinan Davis","Centre-Forward",1998-02-13,23,"England",2300000,"https://www.transfermarkt.com/keinan-davis/profil/spieler/412660"
"Premier League","Europe","England",2020,"Newcastle United","1","Martin Dubravka","Goalkeeper",1989-01-15,32,"Slovakia",7500000,"https://www.transfermarkt.com/martin-dubravka/profil/spieler/74960"
"Premier League","Europe","England",2020,"Newcastle United","26","Karl Darlow","Goalkeeper",1990-10-08,30,"England",3e+06,"https://www.transfermarkt.com/karl-darlow/profil/spieler/99397"
"Premier League","Europe","England",2020,"Newcastle United","29","Mark Gillespie","Goalkeeper",1992-03-27,28,"England",4e+05,"https://www.transfermarkt.com/mark-gillespie/profil/spieler/142389"
"Premier League","Europe","England",2020,"Newcastle United","6","Jamaal Lascelles","Centre-Back",1993-11-11,27,"England",14500000,"https://www.transfermarkt.com/jamaal-lascelles/profil/spieler/183318"
"Premier League","Europe","England",2020,"Newcastle United","5","Fabian Schär","Centre-Back",1991-12-20,29,"Switzerland",1.3e+07,"https://www.transfermarkt.com/fabian-schar/profil/spieler/135343"
"Premier League","Europe","England",2020,"Newcastle United","2","Ciaran Clark","Centre-Back",1989-09-26,31,"Ireland",4800000,"https://www.transfermarkt.com/ciaran-clark/profil/spieler/98240"
"Premier League","Europe","England",2020,"Newcastle United","18","Federico Fernández","Centre-Back",1989-02-21,31,"Argentina",4500000,"https://www.transfermarkt.com/federico-fernandez/profil/spieler/85475"
"Premier League","Europe","England",2020,"Newcastle United","15","Jamal Lewis","Left-Back",1998-01-25,23,"Northern Ireland",1.5e+07,"https://www.transfermarkt.com/jamal-lewis/profil/spieler/346018"
"Premier League","Europe","England",2020,"Newcastle United","11","Matt Ritchie","Left-Back",1989-09-10,31,"Scotland",9500000,"https://www.transfermarkt.com/matt-ritchie/profil/spieler/92469"
"Premier League","Europe","England",2020,"Newcastle United","3","Paul Dummett","Left-Back",1991-09-26,29,"Wales",4500000,"https://www.transfermarkt.com/paul-dummett/profil/spieler/170321"
"Premier League","Europe","England",2020,"Newcastle United","17","Emil Krafth","Right-Back",1994-08-02,26,"Sweden",4e+06,"https://www.transfermarkt.com/emil-krafth/profil/spieler/184528"
"Premier League","Europe","England",2020,"Newcastle United","19","Javier Manquillo","Right-Back",1994-05-05,26,"Spain",4e+06,"https://www.transfermarkt.com/javier-manquillo/profil/spieler/162029"
"Premier League","Europe","England",2020,"Newcastle United","14","Isaac Hayden","Defensive Midfield",1995-03-22,25,"England",1e+07,"https://www.transfermarkt.com/isaac-hayden/profil/spieler/206225"
"Premier League","Europe","England",2020,"Newcastle United","36","Sean Longstaff","Central Midfield",1997-10-30,23,"England",17500000,"https://www.transfermarkt.com/sean-longstaff/profil/spieler/346707"
"Premier League","Europe","England",2020,"Newcastle United","28","Joe Willock","Central Midfield",1999-08-20,21,"England",1.6e+07,"https://www.transfermarkt.com/joe-willock/profil/spieler/340329"
"Premier League","Europe","England",2020,"Newcastle United","8","Jonjo Shelvey","Central Midfield",1992-02-27,28,"England",14500000,"https://www.transfermarkt.com/jonjo-shelvey/profil/spieler/71292"
"Premier League","Europe","England",2020,"Newcastle United","16","Jeff Hendrick","Central Midfield",1992-01-31,29,"Ireland",9e+06,"https://www.transfermarkt.com/jeff-hendrick/profil/spieler/148262"
"Premier League","Europe","England",2020,"Newcastle United","4","Matthew Longstaff","Central Midfield",2000-03-21,20,"England",5e+06,"https://www.transfermarkt.com/matthew-longstaff/profil/spieler/484387"
"Premier League","Europe","England",2020,"Newcastle United","24","Miguel Almirón","Attacking Midfield",1994-02-10,27,"Paraguay",1.6e+07,"https://www.transfermarkt.com/miguel-almiron/profil/spieler/272999"
"Premier League","Europe","England",2020,"Newcastle United","-","Henri Saivet","Attacking Midfield",1990-10-26,30,"Senegal",8e+05,"https://www.transfermarkt.com/henri-saivet/profil/spieler/51540"
"Premier League","Europe","England",2020,"Newcastle United","10","Allan Saint-Maximin","Left Winger",1997-03-12,23,"France",3.2e+07,"https://www.transfermarkt.com/allan-saint-maximin/profil/spieler/272642"
"Premier League","Europe","England",2020,"Newcastle United","21","Ryan Fraser","Left Winger",1994-02-24,26,"Scotland",1.2e+07,"https://www.transfermarkt.com/ryan-fraser/profil/spieler/146795"
"Premier League","Europe","England",2020,"Newcastle United","30","Christian Atsu","Left Winger",1992-01-10,29,"Ghana",4e+06,"https://www.transfermarkt.com/christian-atsu/profil/spieler/186997"
"Premier League","Europe","England",2020,"Newcastle United","23","Jacob Murphy","Right Winger",1995-02-24,25,"England",3500000,"https://www.transfermarkt.com/jacob-murphy/profil/spieler/199527"
"Premier League","Europe","England",2020,"Newcastle United","13","Callum Wilson","Centre-Forward",1992-02-27,28,"England",22500000,"https://www.transfermarkt.com/callum-wilson/profil/spieler/123682"
"Premier League","Europe","England",2020,"Newcastle United","9","Joelinton","Centre-Forward",1996-08-14,24,"Brazil",2e+07,"https://www.transfermarkt.com/joelinton/profil/spieler/333241"
"Premier League","Europe","England",2020,"Newcastle United","12","Dwight Gayle","Centre-Forward",1989-10-17,31,"England",8e+06,"https://www.transfermarkt.com/dwight-gayle/profil/spieler/196522"
"Premier League","Europe","England",2020,"Newcastle United","7","Andy Carroll","Centre-Forward",1989-01-06,32,"England",3200000,"https://www.transfermarkt.com/andy-carroll/profil/spieler/48066"
"Premier League","Europe","England",2020,"West Ham United","1","Lukasz Fabianski","Goalkeeper",1985-04-18,35,"Poland",2500000,"https://www.transfermarkt.com/lukasz-fabianski/profil/spieler/29692"
"Premier League","Europe","England",2020,"West Ham United","35","Darren Randolph","Goalkeeper",1987-05-12,33,"Ireland",2200000,"https://www.transfermarkt.com/darren-randolph/profil/spieler/51321"
"Premier League","Europe","England",2020,"West Ham United","25","David Martin","Goalkeeper",1986-01-22,35,"England",250000,"https://www.transfermarkt.com/david-martin/profil/spieler/15930"
"Premier League","Europe","England",2020,"West Ham United","23","Issa Diop","Centre-Back",1997-01-09,24,"France",2e+07,"https://www.transfermarkt.com/issa-diop/profil/spieler/272622"
"Premier League","Europe","England",2020,"West Ham United","4","Fabián Balbuena","Centre-Back",1991-08-23,29,"Paraguay",8e+06,"https://www.transfermarkt.com/fabian-balbuena/profil/spieler/285548"
"Premier League","Europe","England",2020,"West Ham United","21","Angelo Ogbonna","Centre-Back",1988-05-23,32,"Italy",5e+06,"https://www.transfermarkt.com/angelo-ogbonna/profil/spieler/48002"
"Premier League","Europe","England",2020,"West Ham United","15","Craig Dawson","Centre-Back",1990-05-06,30,"England",4e+06,"https://www.transfermarkt.com/craig-dawson/profil/spieler/121477"
"Premier League","Europe","England",2020,"West Ham United","14","Frederik Alves","Centre-Back",1999-11-08,21,"Denmark",4e+05,"https://www.transfermarkt.com/frederik-alves/profil/spieler/542690"
"Premier League","Europe","England",2020,"West Ham United","26","Arthur Masuaku","Left-Back",1993-11-07,27,"DR Congo",7500000,"https://www.transfermarkt.com/arthur-masuaku/profil/spieler/181380"
"Premier League","Europe","England",2020,"West Ham United","3","Aaron Cresswell","Left-Back",1989-12-15,31,"England",6500000,"https://www.transfermarkt.com/aaron-cresswell/profil/spieler/92571"
"Premier League","Europe","England",2020,"West Ham United","5","Vladimir Coufal","Right-Back",1992-08-22,28,"Czech Republic",8e+06,"https://www.transfermarkt.com/vladimir-coufal/profil/spieler/157672"
"Premier League","Europe","England",2020,"West Ham United","24","Ryan Fredericks","Right-Back",1992-10-10,28,"England",4e+06,"https://www.transfermarkt.com/ryan-fredericks/profil/spieler/140191"
"Premier League","Europe","England",2020,"West Ham United","31","Ben Johnson","Right-Back",2000-01-24,21,"England",2e+06,"https://www.transfermarkt.com/ben-johnson/profil/spieler/468002"
"Premier League","Europe","England",2020,"West Ham United","41","Declan Rice","Defensive Midfield",1999-01-14,22,"England",5.5e+07,"https://www.transfermarkt.com/declan-rice/profil/spieler/357662"
"Premier League","Europe","England",2020,"West Ham United","28","Tomas Soucek","Defensive Midfield",1995-02-27,25,"Czech Republic",3e+07,"https://www.transfermarkt.com/tomas-soucek/profil/spieler/283628"
"Premier League","Europe","England",2020,"West Ham United","16","Mark Noble","Central Midfield",1987-05-08,33,"England",4500000,"https://www.transfermarkt.com/mark-noble/profil/spieler/31835"
"Premier League","Europe","England",2020,"West Ham United","18","Pablo Fornals","Attacking Midfield",1996-02-22,24,"Spain",1.8e+07,"https://www.transfermarkt.com/pablo-fornals/profil/spieler/357885"
"Premier League","Europe","England",2020,"West Ham United","10","Manuel Lanzini","Attacking Midfield",1993-02-15,27,"Argentina",1.4e+07,"https://www.transfermarkt.com/manuel-lanzini/profil/spieler/135853"
"Premier League","Europe","England",2020,"West Ham United","9","Saïd Benrahma","Left Winger",1995-08-10,25,"Algeria",2.2e+07,"https://www.transfermarkt.com/said-benrahma/profil/spieler/290532"
"Premier League","Europe","England",2020,"West Ham United","20","Jarrod Bowen","Right Winger",1996-12-20,24,"England",2.8e+07,"https://www.transfermarkt.com/jarrod-bowen/profil/spieler/314875"
"Premier League","Europe","England",2020,"West Ham United","11","Jesse Lingard","Right Winger",1992-12-15,28,"England",1e+07,"https://www.transfermarkt.com/jesse-lingard/profil/spieler/141660"
"Premier League","Europe","England",2020,"West Ham United","7","Andriy Yarmolenko","Right Winger",1989-10-23,31,"Ukraine",7500000,"https://www.transfermarkt.com/andriy-yarmolenko/profil/spieler/69015"
"Premier League","Europe","England",2020,"West Ham United","30","Michail Antonio","Centre-Forward",1990-03-28,30,"England",1.2e+07,"https://www.transfermarkt.com/michail-antonio/profil/spieler/104124"
"Premier League","Europe","England",2020,"Brighton & Hove Albion","31","Christian Walton","Goalkeeper",1995-11-09,25,"England",8e+05,"https://www.transfermarkt.com/christian-walton/profil/spieler/208379"
"Premier League","Europe","England",2020,"Brighton & Hove Albion","23","Jason Steele","Goalkeeper",1990-08-18,30,"England",6e+05,"https://www.transfermarkt.com/jason-steele/profil/spieler/73564"
"Premier League","Europe","England",2020,"Brighton & Hove Albion","26","Robert Sánchez","Goalkeeper",1997-11-18,23,"Spain",150000,"https://www.transfermarkt.com/robert-sanchez/profil/spieler/403151"
"Premier League","Europe","England",2020,"Brighton & Hove Albion","5","Lewis Dunk","Centre-Back",1991-11-21,29,"England",2.7e+07,"https://www.transfermarkt.com/lewis-dunk/profil/spieler/148153"
"Premier League","Europe","England",2020,"Brighton & Hove Albion","3","Ben White","Centre-Back",1997-10-08,23,"England",2.2e+07,"https://www.transfermarkt.com/ben-white/profil/spieler/335721"
"Premier League","Europe","England",2020,"Brighton & Hove Albion","4","Adam Webster","Centre-Back",1995-01-04,26,"England",1.5e+07,"https://www.transfermarkt.com/adam-webster/profil/spieler/212847"
"Premier League","Europe","England",2020,"Brighton & Hove Albion","33","Dan Burn","Centre-Back",1992-05-09,28,"England",5e+06,"https://www.transfermarkt.com/dan-burn/profil/spieler/134270"
"Premier League","Europe","England",2020,"Brighton & Hove Albion","34","Joël Veltman","Centre-Back",1992-01-15,29,"Netherlands",5e+06,"https://www.transfermarkt.com/joel-veltman/profil/spieler/111195"
"Premier League","Europe","England",2020,"Brighton & Hove Albion","6","Michal Karbownik","Left-Back",2001-03-13,19,"Poland",6e+06,"https://www.transfermarkt.com/michal-karbownik/profil/spieler/401604"
"Premier League","Europe","England",2020,"Brighton & Hove Albion","2","Tariq Lamptey","Right-Back",2000-09-30,20,"England",1.8e+07,"https://www.transfermarkt.com/tariq-lamptey/profil/spieler/504148"
"Premier League","Europe","England",2020,"Brighton & Hove Albion","8","Yves Bissouma","Central Midfield",1996-08-30,24,"Mali",1.3e+07,"https://www.transfermarkt.com/yves-bissouma/profil/spieler/410425"
"Premier League","Europe","England",2020,"Brighton & Hove Albion","15","Jakub Moder","Central Midfield",1999-04-07,21,"Poland",1e+07,"https://www.transfermarkt.com/jakub-moder/profil/spieler/384461"
"Premier League","Europe","England",2020,"Brighton & Hove Albion","24","Davy Pröpper","Central Midfield",1991-09-02,29,"Netherlands",1e+07,"https://www.transfermarkt.com/davy-propper/profil/spieler/79027"
"Premier League","Europe","England",2020,"Brighton & Hove Albion","13","Pascal Groß","Central Midfield",1991-06-15,29,"Germany",7e+06,"https://www.transfermarkt.com/pascal-gross/profil/spieler/82873"
"Premier League","Europe","England",2020,"Brighton & Hove Albion","17","Steven Alzate","Central Midfield",1998-09-08,22,"Colombia",7e+06,"https://www.transfermarkt.com/steven-alzate/profil/spieler/476237"
"Premier League","Europe","England",2020,"Brighton & Hove Albion","25","Moisés Caicedo","Central Midfield",2001-11-02,19,"Ecuador",5e+06,"https://www.transfermarkt.com/moises-caicedo/profil/spieler/687626"
"Premier League","Europe","England",2020,"Brighton & Hove Albion","20","Solly March","Left Midfield",1994-07-20,26,"England",9e+06,"https://www.transfermarkt.com/solly-march/profil/spieler/209212"
"Premier League","Europe","England",2020,"Brighton & Hove Albion","10","Alexis Mac Allister","Attacking Midfield",1998-12-24,22,"Argentina",1.1e+07,"https://www.transfermarkt.com/alexis-mac-allister/profil/spieler/534033"
"Premier League","Europe","England",2020,"Brighton & Hove Albion","14","Adam Lallana","Attacking Midfield",1988-05-10,32,"England",8e+06,"https://www.transfermarkt.com/adam-lallana/profil/spieler/43530"
"Premier League","Europe","England",2020,"Brighton & Hove Albion","22","Percy Tau","Attacking Midfield",1994-05-13,26,"South Africa",4e+06,"https://www.transfermarkt.com/percy-tau/profil/spieler/312239"
"Premier League","Europe","England",2020,"Brighton & Hove Albion","11","Leandro Trossard","Left Winger",1994-12-04,26,"Belgium",1.5e+07,"https://www.transfermarkt.com/leandro-trossard/profil/spieler/144028"
"Premier League","Europe","England",2020,"Brighton & Hove Albion","19","José Izquierdo","Left Winger",1992-07-07,28,"Colombia",6500000,"https://www.transfermarkt.com/jose-izquierdo/profil/spieler/147094"
"Premier League","Europe","England",2020,"Brighton & Hove Albion","16","Alireza Jahanbakhsh","Right Winger",1993-08-11,27,"Iran",5e+06,"https://www.transfermarkt.com/alireza-jahanbakhsh/profil/spieler/213268"
"Premier League","Europe","England",2020,"Brighton & Hove Albion","9","Neal Maupay","Centre-Forward",1996-08-14,24,"France",2.2e+07,"https://www.transfermarkt.com/neal-maupay/profil/spieler/217115"
"Premier League","Europe","England",2020,"Brighton & Hove Albion","7","Aaron Connolly","Centre-Forward",2000-01-28,21,"Ireland",7e+06,"https://www.transfermarkt.com/aaron-connolly/profil/spieler/434207"
"Premier League","Europe","England",2020,"Brighton & Hove Albion","18","Danny Welbeck","Centre-Forward",1990-11-26,30,"England",5500000,"https://www.transfermarkt.com/danny-welbeck/profil/spieler/67063"
"Premier League","Europe","England",2020,"Brighton & Hove Albion","21","Florin Andone","Centre-Forward",1993-04-11,27,"Romania",2800000,"https://www.transfermarkt.com/florin-andone/profil/spieler/177065"
"Premier League","Europe","England",2020,"Brighton & Hove Albion","29","Andi Zeqiri","Centre-Forward",1999-06-22,21,"Switzerland",1500000,"https://www.transfermarkt.com/andi-zeqiri/profil/spieler/345468"
"Premier League","Europe","England",2020,"Southampton FC","1","Alex McCarthy","Goalkeeper",1989-12-03,31,"England",6500000,"https://www.transfermarkt.com/alex-mccarthy/profil/spieler/95976"
"Premier League","Europe","England",2020,"Southampton FC","44","Fraser Forster","Goalkeeper",1988-03-17,32,"England",4500000,"https://www.transfermarkt.com/fraser-forster/profil/spieler/52570"
"Premier League","Europe","England",2020,"Southampton FC","41","Harry Lewis","Goalkeeper",1997-12-20,23,"England",2e+05,"https://www.transfermarkt.com/harry-lewis/profil/spieler/341043"
"Premier League","Europe","England",2020,"Southampton FC","35","Jan Bednarek","Centre-Back",1996-04-12,24,"Poland",2e+07,"https://www.transfermarkt.com/jan-bednarek/profil/spieler/243028"
"Premier League","Europe","England",2020,"Southampton FC","4","Jannik Vestergaard","Centre-Back",1992-08-03,28,"Denmark",1.5e+07,"https://www.transfermarkt.com/jannik-vestergaard/profil/spieler/99331"
"Premier League","Europe","England",2020,"Southampton FC","22","Mohammed Salisu","Centre-Back",1999-04-17,21,"Ghana",1.2e+07,"https://www.transfermarkt.com/mohammed-salisu/profil/spieler/563963"
"Premier League","Europe","England",2020,"Southampton FC","5","Jack Stephens","Centre-Back",1994-01-27,27,"England",5500000,"https://www.transfermarkt.com/jack-stephens/profil/spieler/163744"
"Premier League","Europe","England",2020,"Southampton FC","3","Ryan Bertrand","Left-Back",1989-08-05,31,"England",10500000,"https://www.transfermarkt.com/ryan-bertrand/profil/spieler/40611"
"Premier League","Europe","England",2020,"Southampton FC","45","Sam McQueen","Left-Back",1995-02-06,26,"England",8e+05,"https://www.transfermarkt.com/sam-mcqueen/profil/spieler/226968"
"Premier League","Europe","England",2020,"Southampton FC","2","Kyle Walker-Peters","Right-Back",1997-04-13,23,"England",1.5e+07,"https://www.transfermarkt.com/kyle-walker-peters/profil/spieler/341051"
"Premier League","Europe","England",2020,"Southampton FC","27","Ibrahima Diallo","Defensive Midfield",1999-03-08,21,"France",1.5e+07,"https://www.transfermarkt.com/ibrahima-diallo/profil/spieler/413032"
"Premier League","Europe","England",2020,"Southampton FC","6","Oriol Romeu","Defensive Midfield",1991-09-24,29,"Spain",8e+06,"https://www.transfermarkt.com/oriol-romeu/profil/spieler/66100"
"Premier League","Europe","England",2020,"Southampton FC","8","James Ward-Prowse","Central Midfield",1994-11-01,26,"England",2.5e+07,"https://www.transfermarkt.com/james-ward-prowse/profil/spieler/181579"
"Premier League","Europe","England",2020,"Southampton FC","17","Stuart Armstrong","Central Midfield",1992-03-30,28,"Scotland",6500000,"https://www.transfermarkt.com/stuart-armstrong/profil/spieler/130765"
"Premier League","Europe","England",2020,"Southampton FC","20","Will Smallbone","Central Midfield",2000-02-21,20,"Ireland",3e+06,"https://www.transfermarkt.com/will-smallbone/profil/spieler/444211"
"Premier League","Europe","England",2020,"Southampton FC","11","Nathan Redmond","Left Winger",1994-03-06,26,"England",1.8e+07,"https://www.transfermarkt.com/nathan-redmond/profil/spieler/129078"
"Premier League","Europe","England",2020,"Southampton FC","12","Moussa Djenepo","Left Winger",1998-06-15,22,"Mali",1.3e+07,"https://www.transfermarkt.com/moussa-djenepo/profil/spieler/485424"
"Premier League","Europe","England",2020,"Southampton FC","19","Takumi Minamino","Left Winger",1995-01-16,26,"Japan",1e+07,"https://www.transfermarkt.com/takumi-minamino/profil/spieler/165793"
"Premier League","Europe","England",2020,"Southampton FC","32","Theo Walcott","Right Winger",1989-03-16,31,"England",1e+07,"https://www.transfermarkt.com/theo-walcott/profil/spieler/33713"
"Premier League","Europe","England",2020,"Southampton FC","23","Nathan Tella","Right Winger",1999-07-05,21,"England",750000,"https://www.transfermarkt.com/nathan-tella/profil/spieler/340322"
"Premier League","Europe","England",2020,"Southampton FC","9","Danny Ings","Centre-Forward",1992-07-23,28,"England",2e+07,"https://www.transfermarkt.com/danny-ings/profil/spieler/134294"
"Premier League","Europe","England",2020,"Southampton FC","10","Che Adams","Centre-Forward",1996-07-13,24,"England",1.5e+07,"https://www.transfermarkt.com/che-adams/profil/spieler/346779"
"Premier League","Europe","England",2020,"Southampton FC","14","Michael Obafemi","Centre-Forward",2000-07-06,20,"Ireland",4500000,"https://www.transfermarkt.com/michael-obafemi/profil/spieler/444208"
"Premier League","Europe","England",2020,"Southampton FC","40","Dan N'Lundulu","Centre-Forward",1999-02-05,22,"England",8e+05,"https://www.transfermarkt.com/dan-nlundulu/profil/spieler/346482"
"Premier League","Europe","England",2020,"Crystal Palace","31","Vicente Guaita","Goalkeeper",1987-01-10,34,"Spain",4e+06,"https://www.transfermarkt.com/vicente-guaita/profil/spieler/64399"
"Premier League","Europe","England",2020,"Crystal Palace","1","Jack Butland","Goalkeeper",1993-03-10,27,"England",3500000,"https://www.transfermarkt.com/jack-butland/profil/spieler/128899"
"Premier League","Europe","England",2020,"Crystal Palace","13","Wayne Hennessey","Goalkeeper",1987-01-24,34,"Wales",2e+06,"https://www.transfermarkt.com/wayne-hennessey/profil/spieler/45494"
"Premier League","Europe","England",2020,"Crystal Palace","19","Stephen Henderson","Goalkeeper",1988-05-02,32,"Ireland",4e+05,"https://www.transfermarkt.com/stephen-henderson/profil/spieler/52191"
"Premier League","Europe","England",2020,"Crystal Palace","12","Mamadou Sakho","Centre-Back",1990-02-13,31,"France",9500000,"https://www.transfermarkt.com/mamadou-sakho/profil/spieler/47713"
"Premier League","Europe","England",2020,"Crystal Palace","5","James Tomkins","Centre-Back",1989-03-29,31,"England",4e+06,"https://www.transfermarkt.com/james-tomkins/profil/spieler/61592"
"Premier League","Europe","England",2020,"Crystal Palace","36","Nathan Ferguson","Centre-Back",2000-10-06,20,"England",4e+06,"https://www.transfermarkt.com/nathan-ferguson/profil/spieler/507254"
"Premier League","Europe","England",2020,"Crystal Palace","6","Scott Dann","Centre-Back",1987-02-14,33,"England",2800000,"https://www.transfermarkt.com/scott-dann/profil/spieler/62688"
"Premier League","Europe","England",2020,"Crystal Palace","24","Gary Cahill","Centre-Back",1985-12-19,35,"England",2500000,"https://www.transfermarkt.com/gary-cahill/profil/spieler/27511"
"Premier League","Europe","England",2020,"Crystal Palace","3","Patrick van Aanholt","Left-Back",1990-08-29,30,"Netherlands",8e+06,"https://www.transfermarkt.com/patrick-van-aanholt/profil/spieler/52119"
"Premier League","Europe","England",2020,"Crystal Palace","27","Tyrick Mitchell","Left-Back",1999-09-01,21,"England",5e+06,"https://www.transfermarkt.com/tyrick-mitchell/profil/spieler/730893"
"Premier League","Europe","England",2020,"Crystal Palace","17","Nathaniel Clyne","Right-Back",1991-04-05,29,"England",4e+06,"https://www.transfermarkt.com/nathaniel-clyne/profil/spieler/85177"
"Premier League","Europe","England",2020,"Crystal Palace","2","Joel Ward","Right-Back",1989-10-29,31,"England",3200000,"https://www.transfermarkt.com/joel-ward/profil/spieler/92572"
"Premier League","Europe","England",2020,"Crystal Palace","34","Martin Kelly","Right-Back",1990-04-27,30,"England",2800000,"https://www.transfermarkt.com/martin-kelly/profil/spieler/78959"
"Premier League","Europe","England",2020,"Crystal Palace","4","Luka Milivojevic","Defensive Midfield",1991-04-07,29,"Serbia",1.2e+07,"https://www.transfermarkt.com/luka-milivojevic/profil/spieler/74300"
"Premier League","Europe","England",2020,"Crystal Palace","8","Cheikhou Kouyaté","Defensive Midfield",1989-12-21,31,"Senegal",8e+06,"https://www.transfermarkt.com/cheikhou-kouyate/profil/spieler/66934"
"Premier League","Europe","England",2020,"Crystal Palace","44","Jairo Riedewald","Defensive Midfield",1996-09-09,24,"Netherlands",4500000,"https://www.transfermarkt.com/jairo-riedewald/profil/spieler/241481"
"Premier League","Europe","England",2020,"Crystal Palace","22","James McCarthy","Central Midfield",1990-11-12,30,"Ireland",4500000,"https://www.transfermarkt.com/james-mccarthy/profil/spieler/45333"
"Premier League","Europe","England",2020,"Crystal Palace","18","James McArthur","Central Midfield",1987-10-07,33,"Scotland",3500000,"https://www.transfermarkt.com/james-mcarthur/profil/spieler/41416"
"Premier League","Europe","England",2020,"Crystal Palace","15","Jeffrey Schlupp","Left Midfield",1992-12-23,28,"Ghana",1e+07,"https://www.transfermarkt.com/jeffrey-schlupp/profil/spieler/157506"
"Premier League","Europe","England",2020,"Crystal Palace","25","Eberechi Eze","Attacking Midfield",1998-06-29,22,"England",1.8e+07,"https://www.transfermarkt.com/eberechi-eze/profil/spieler/479999"
"Premier League","Europe","England",2020,"Crystal Palace","11","Wilfried Zaha","Left Winger",1992-11-10,28,"Cote d'Ivoire",5e+07,"https://www.transfermarkt.com/wilfried-zaha/profil/spieler/145988"
"Premier League","Europe","England",2020,"Crystal Palace","10","Andros Townsend","Right Winger",1991-07-16,29,"England",9500000,"https://www.transfermarkt.com/andros-townsend/profil/spieler/61842"
"Premier League","Europe","England",2020,"Crystal Palace","14","Jean-Philippe Mateta","Centre-Forward",1997-06-28,23,"France",1.5e+07,"https://www.transfermarkt.com/jean-philippe-mateta/profil/spieler/420002"
"Premier League","Europe","England",2020,"Crystal Palace","23","Michy Batshuayi","Centre-Forward",1993-10-02,27,"Belgium",1.2e+07,"https://www.transfermarkt.com/michy-batshuayi/profil/spieler/179184"
"Premier League","Europe","England",2020,"Crystal Palace","9","Jordan Ayew","Centre-Forward",1991-09-11,29,"Ghana",1e+07,"https://www.transfermarkt.com/jordan-ayew/profil/spieler/108354"
"Premier League","Europe","England",2020,"Crystal Palace","20","Christian Benteke","Centre-Forward",1990-12-03,30,"Belgium",9e+06,"https://www.transfermarkt.com/christian-benteke/profil/spieler/50201"
"Premier League","Europe","England",2020,"Crystal Palace","21","Connor Wickham","Centre-Forward",1993-03-31,27,"England",1200000,"https://www.transfermarkt.com/connor-wickham/profil/spieler/95435"
"Premier League","Europe","England",2020,"Fulham FC","1","Alphonse Areola","Goalkeeper",1993-02-27,27,"France",1.3e+07,"https://www.transfermarkt.com/alphonse-areola/profil/spieler/120629"
"Premier League","Europe","England",2020,"Fulham FC","12","Marek Rodak","Goalkeeper",1996-12-13,24,"Slovakia",6e+06,"https://www.transfermarkt.com/marek-rodak/profil/spieler/186901"
"Premier League","Europe","England",2020,"Fulham FC","31","Fabri","Goalkeeper",1987-12-31,33,"Spain",1200000,"https://www.transfermarkt.com/fabri/profil/spieler/45882"
"Premier League","Europe","England",2020,"Fulham FC","5","Joachim Andersen","Centre-Back",1996-05-31,24,"Denmark",1.3e+07,"https://www.transfermarkt.com/joachim-andersen/profil/spieler/260827"
"Premier League","Europe","England",2020,"Fulham FC","30","Terence Kongolo","Centre-Back",1994-02-14,26,"Netherlands",6500000,"https://www.transfermarkt.com/terence-kongolo/profil/spieler/152651"
"Premier League","Europe","England",2020,"Fulham FC","3","Michael Hector","Centre-Back",1992-07-19,28,"Jamaica",6e+06,"https://www.transfermarkt.com/michael-hector/profil/spieler/157490"
"Premier League","Europe","England",2020,"Fulham FC","16","Tosin Adarabioyo","Centre-Back",1997-09-24,23,"England",5e+06,"https://www.transfermarkt.com/tosin-adarabioyo/profil/spieler/258878"
"Premier League","Europe","England",2020,"Fulham FC","13","Tim Ream","Centre-Back",1987-10-05,33,"United States",1200000,"https://www.transfermarkt.com/tim-ream/profil/spieler/145466"
"Premier League","Europe","England",2020,"Fulham FC","23","Joe Bryan","Left-Back",1993-09-17,27,"England",5500000,"https://www.transfermarkt.com/joe-bryan/profil/spieler/194460"
"Premier League","Europe","England",2020,"Fulham FC","33","Antonee Robinson","Left-Back",1997-08-08,23,"United States",5e+06,"https://www.transfermarkt.com/antonee-robinson/profil/spieler/349701"
"Premier League","Europe","England",2020,"Fulham FC","34","Ola Aina","Right-Back",1996-10-08,24,"Nigeria",7e+06,"https://www.transfermarkt.com/ola-aina/profil/spieler/236490"
"Premier League","Europe","England",2020,"Fulham FC","2","Kenny Tete","Right-Back",1995-10-09,25,"Netherlands",5500000,"https://www.transfermarkt.com/kenny-tete/profil/spieler/206746"
"Premier League","Europe","England",2020,"Fulham FC","4","Denis Odoi","Right-Back",1988-05-27,32,"Belgium",1600000,"https://www.transfermarkt.com/denis-odoi/profil/spieler/59641"
"Premier League","Europe","England",2020,"Fulham FC","29","André Zambo Anguissa","Defensive Midfield",1995-11-16,25,"Cameroon",2e+07,"https://www.transfermarkt.com/andre-zambo-anguissa/profil/spieler/354361"
"Premier League","Europe","England",2020,"Fulham FC","18","Mario Lemina","Defensive Midfield",1993-09-01,27,"Gabon",1e+07,"https://www.transfermarkt.com/mario-lemina/profil/spieler/170934"
"Premier League","Europe","England",2020,"Fulham FC","6","Kevin McDonald","Defensive Midfield",1988-11-04,32,"Scotland",2e+06,"https://www.transfermarkt.com/kevin-mcdonald/profil/spieler/36529"
"Premier League","Europe","England",2020,"Fulham FC","15","Ruben Loftus-Cheek","Central Midfield",1996-01-23,25,"England",2.4e+07,"https://www.transfermarkt.com/ruben-loftus-cheek/profil/spieler/202886"
"Premier League","Europe","England",2020,"Fulham FC","10","Tom Cairney","Central Midfield",1991-01-20,30,"Scotland",9e+06,"https://www.transfermarkt.com/tom-cairney/profil/spieler/123275"
"Premier League","Europe","England",2020,"Fulham FC","21","Harrison Reed","Central Midfield",1995-01-27,26,"England",9e+06,"https://www.transfermarkt.com/harrison-reed/profil/spieler/226973"
"Premier League","Europe","England",2020,"Fulham FC","14","Bobby Reid","Attacking Midfield",1993-02-02,28,"Jamaica",8e+06,"https://www.transfermarkt.com/bobby-reid/profil/spieler/186186"
"Premier League","Europe","England",2020,"Fulham FC","25","Josh Onomah","Attacking Midfield",1997-04-27,23,"England",6e+06,"https://www.transfermarkt.com/josh-onomah/profil/spieler/243589"
"Premier League","Europe","England",2020,"Fulham FC","19","Ademola Lookman","Left Winger",1997-10-20,23,"England",1e+07,"https://www.transfermarkt.com/ademola-lookman/profil/spieler/406040"
"Premier League","Europe","England",2020,"Fulham FC","17","Ivan Cavaleiro","Right Winger",1993-10-18,27,"Portugal",8e+06,"https://www.transfermarkt.com/ivan-cavaleiro/profil/spieler/149716"
"Premier League","Europe","England",2020,"Fulham FC","9","Aleksandar Mitrovic","Centre-Forward",1994-09-16,26,"Serbia",2.2e+07,"https://www.transfermarkt.com/aleksandar-mitrovic/profil/spieler/51152"
"Premier League","Europe","England",2020,"Fulham FC","27","Josh Maja","Centre-Forward",1998-12-27,22,"Nigeria",6500000,"https://www.transfermarkt.com/josh-maja/profil/spieler/453824"
"Premier League","Europe","England",2020,"Leeds United","1","Illan Meslier","Goalkeeper",2000-03-02,20,"France",1.2e+07,"https://www.transfermarkt.com/illan-meslier/profil/spieler/542586"
"Premier League","Europe","England",2020,"Leeds United","13","Kiko Casilla","Goalkeeper",1986-10-02,34,"Spain",1500000,"https://www.transfermarkt.com/kiko-casilla/profil/spieler/27486"
"Premier League","Europe","England",2020,"Leeds United","25","Elia Caprile","Goalkeeper",2001-08-25,19,"Italy",1e+05,"https://www.transfermarkt.com/elia-caprile/profil/spieler/421873"
"Premier League","Europe","England",2020,"Leeds United","14","Diego Llorente","Centre-Back",1993-08-16,27,"Spain",2e+07,"https://www.transfermarkt.com/diego-llorente/profil/spieler/246291"
"Premier League","Europe","England",2020,"Leeds United","5","Robin Koch","Centre-Back",1996-07-17,24,"Germany",1.7e+07,"https://www.transfermarkt.com/robin-koch/profil/spieler/328784"
"Premier League","Europe","England",2020,"Leeds United","6","Liam Cooper","Centre-Back",1991-08-30,29,"Scotland",7e+06,"https://www.transfermarkt.com/liam-cooper/profil/spieler/75067"
"Premier League","Europe","England",2020,"Leeds United","21","Pascal Struijk","Centre-Back",1999-08-11,21,"Netherlands",2500000,"https://www.transfermarkt.com/pascal-struijk/profil/spieler/410708"
"Premier League","Europe","England",2020,"Leeds United","49","Oliver Casey","Centre-Back",2000-12-19,20,"England",250000,"https://www.transfermarkt.com/oliver-casey/profil/spieler/559800"
"Premier League","Europe","England",2020,"Leeds United","10","Ezgjan Alioski","Left-Back",1992-02-12,29,"North Macedonia",4e+06,"https://www.transfermarkt.com/ezgjan-alioski/profil/spieler/129604"
"Premier League","Europe","England",2020,"Leeds United","24","Leif Davis","Left-Back",1999-12-31,21,"England",4e+05,"https://www.transfermarkt.com/leif-davis/profil/spieler/596446"
"Premier League","Europe","England",2020,"Leeds United","2","Luke Ayling","Right-Back",1991-08-25,29,"England",3500000,"https://www.transfermarkt.com/luke-ayling/profil/spieler/67420"
"Premier League","Europe","England",2020,"Leeds United","15","Stuart Dallas","Right-Back",1991-04-19,29,"Northern Ireland",3e+06,"https://www.transfermarkt.com/stuart-dallas/profil/spieler/158764"
"Premier League","Europe","England",2020,"Leeds United","28","Gaetano Berardi","Right-Back",1988-08-21,32,"Switzerland",3e+05,"https://www.transfermarkt.com/gaetano-berardi/profil/spieler/43084"
"Premier League","Europe","England",2020,"Leeds United","23","Kalvin Phillips","Defensive Midfield",1995-12-02,25,"England",2.7e+07,"https://www.transfermarkt.com/kalvin-phillips/profil/spieler/351749"
"Premier League","Europe","England",2020,"Leeds United","-","Ouasim Bouy","Defensive Midfield",1993-06-11,27,"Morocco",325000,"https://www.transfermarkt.com/ouasim-bouy/profil/spieler/126412"
"Premier League","Europe","England",2020,"Leeds United","43","Mateusz Klich","Central Midfield",1990-06-13,30,"Poland",3500000,"https://www.transfermarkt.com/mateusz-klich/profil/spieler/92738"
"Premier League","Europe","England",2020,"Leeds United","4","Adam Forshaw","Central Midfield",1991-10-08,29,"England",3200000,"https://www.transfermarkt.com/adam-forshaw/profil/spieler/121257"
"Premier League","Europe","England",2020,"Leeds United","46","Jamie Shackleton","Central Midfield",1999-10-08,21,"England",2300000,"https://www.transfermarkt.com/jamie-shackleton/profil/spieler/534700"
"Premier League","Europe","England",2020,"Leeds United","19","Pablo Hernández","Attacking Midfield",1985-04-11,35,"Spain",1200000,"https://www.transfermarkt.com/pablo-hernandez/profil/spieler/46220"
"Premier League","Europe","England",2020,"Leeds United","22","Jack Harrison","Left Winger",1996-11-20,24,"England",9e+06,"https://www.transfermarkt.com/jack-harrison/profil/spieler/417346"
"Premier League","Europe","England",2020,"Leeds United","18","Raphinha","Right Winger",1996-12-14,24,"Brazil",1.8e+07,"https://www.transfermarkt.com/raphinha/profil/spieler/411295"
"Premier League","Europe","England",2020,"Leeds United","17","Hélder Costa","Right Winger",1994-01-12,27,"Portugal",1.2e+07,"https://www.transfermarkt.com/helder-costa/profil/spieler/173900"
"Premier League","Europe","England",2020,"Leeds United","7","Ian Poveda","Right Winger",2000-02-09,21,"England",1500000,"https://www.transfermarkt.com/ian-poveda/profil/spieler/392763"
"Premier League","Europe","England",2020,"Leeds United","11","Tyler Roberts","Second Striker",1999-01-12,22,"Wales",3600000,"https://www.transfermarkt.com/tyler-roberts/profil/spieler/296986"
"Premier League","Europe","England",2020,"Leeds United","20","Rodrigo","Centre-Forward",1991-03-06,29,"Spain",2.5e+07,"https://www.transfermarkt.com/rodrigo/profil/spieler/131505"
"Premier League","Europe","England",2020,"Leeds United","9","Patrick Bamford","Centre-Forward",1993-09-05,27,"England",1.5e+07,"https://www.transfermarkt.com/patrick-bamford/profil/spieler/183334"
"Premier League","Europe","England",2020,"Leeds United","30","Joe Gelhardt","Centre-Forward",2002-05-04,18,"England",1300000,"https://www.transfermarkt.com/joe-gelhardt/profil/spieler/503980"
"Premier League","Europe","England",2020,"Sheffield United","1","Aaron Ramsdale","Goalkeeper",1998-05-14,22,"England",1.6e+07,"https://www.transfermarkt.com/aaron-ramsdale/profil/spieler/427568"
"Premier League","Europe","England",2020,"Sheffield United","18","Wes Foderingham","Goalkeeper",1991-01-14,30,"England",4e+05,"https://www.transfermarkt.com/wes-foderingham/profil/spieler/61697"
"Premier League","Europe","England",2020,"Sheffield United","25","Simon Moore","Goalkeeper",1990-05-19,30,"England",4e+05,"https://www.transfermarkt.com/simon-moore/profil/spieler/123536"
"Premier League","Europe","England",2020,"Sheffield United","12","John Egan","Centre-Back",1992-10-20,28,"Ireland",1.3e+07,"https://www.transfermarkt.com/john-egan/profil/spieler/121324"
"Premier League","Europe","England",2020,"Sheffield United","22","Ethan Ampadu","Centre-Back",2000-09-14,20,"Wales",1e+07,"https://www.transfermarkt.com/ethan-ampadu/profil/spieler/392771"
"Premier League","Europe","England",2020,"Sheffield United","5","Jack O'Connell","Centre-Back",1994-03-29,26,"England",9500000,"https://www.transfermarkt.com/jack-oconnell/profil/spieler/212829"
"Premier League","Europe","England",2020,"Sheffield United","6","Chris Basham","Centre-Back",1988-07-20,32,"England",3e+06,"https://www.transfermarkt.com/chris-basham/profil/spieler/52495"
"Premier League","Europe","England",2020,"Sheffield United","15","Phil Jagielka","Centre-Back",1982-08-17,38,"England",350000,"https://www.transfermarkt.com/phil-jagielka/profil/spieler/13520"
"Premier League","Europe","England",2020,"Sheffield United","29","Kean Bryan","Centre-Back",1996-11-01,24,"England",250000,"https://www.transfermarkt.com/kean-bryan/profil/spieler/214928"
"Premier League","Europe","England",2020,"Sheffield United","3","Enda Stevens","Left-Back",1990-07-09,30,"Ireland",5500000,"https://www.transfermarkt.com/enda-stevens/profil/spieler/85706"
"Premier League","Europe","England",2020,"Sheffield United","13","Max Lowe","Left-Back",1997-05-11,23,"England",3500000,"https://www.transfermarkt.com/max-lowe/profil/spieler/258885"
"Premier League","Europe","England",2020,"Sheffield United","19","Jack Robinson","Left-Back",1993-09-01,27,"England",2e+06,"https://www.transfermarkt.com/jack-robinson/profil/spieler/128909"
"Premier League","Europe","England",2020,"Sheffield United","2","George Baldock","Right-Back",1993-03-09,27,"England",6500000,"https://www.transfermarkt.com/george-baldock/profil/spieler/146690"
"Premier League","Europe","England",2020,"Sheffield United","20","Jayden Bogle","Right-Back",2000-07-27,20,"England",6300000,"https://www.transfermarkt.com/jayden-bogle/profil/spieler/465717"
"Premier League","Europe","England",2020,"Sheffield United","8","Sander Berge","Defensive Midfield",1998-02-14,22,"Norway",1.8e+07,"https://www.transfermarkt.com/sander-berge/profil/spieler/333014"
"Premier League","Europe","England",2020,"Sheffield United","26","Jack Rodwell","Defensive Midfield",1991-03-11,29,"England",1200000,"https://www.transfermarkt.com/jack-rodwell/profil/spieler/57079"
"Premier League","Europe","England",2020,"Sheffield United","4","John Fleck","Central Midfield",1991-08-24,29,"Scotland",8e+06,"https://www.transfermarkt.com/john-fleck/profil/spieler/54383"
"Premier League","Europe","England",2020,"Sheffield United","7","John Lundstram","Central Midfield",1994-02-18,26,"England",8e+06,"https://www.transfermarkt.com/john-lundstram/profil/spieler/156941"
"Premier League","Europe","England",2020,"Sheffield United","16","Oliver Norwood","Central Midfield",1991-04-12,29,"Northern Ireland",7e+06,"https://www.transfermarkt.com/oliver-norwood/profil/spieler/73547"
"Premier League","Europe","England",2020,"Sheffield United","23","Ben Osborn","Left Midfield",1994-08-05,26,"England",2e+06,"https://www.transfermarkt.com/ben-osborn/profil/spieler/218087"
"Premier League","Europe","England",2020,"Sheffield United","14","Oliver Burke","Right Winger",1997-04-07,23,"Scotland",5500000,"https://www.transfermarkt.com/oliver-burke/profil/spieler/341317"
"Premier League","Europe","England",2020,"Sheffield United","9","Oliver McBurnie","Centre-Forward",1996-06-04,24,"Scotland",1.5e+07,"https://www.transfermarkt.com/oliver-mcburnie/profil/spieler/298477"
"Premier League","Europe","England",2020,"Sheffield United","24","Rhian Brewster","Centre-Forward",2000-04-01,20,"England",1.5e+07,"https://www.transfermarkt.com/rhian-brewster/profil/spieler/406560"
"Premier League","Europe","England",2020,"Sheffield United","11","Lys Mousset","Centre-Forward",1996-02-08,25,"France",1.2e+07,"https://www.transfermarkt.com/lys-mousset/profil/spieler/291422"
"Premier League","Europe","England",2020,"Sheffield United","17","David McGoldrick","Centre-Forward",1987-11-29,33,"Ireland",2e+06,"https://www.transfermarkt.com/david-mcgoldrick/profil/spieler/35416"
"Premier League","Europe","England",2020,"Sheffield United","10","Billy Sharp","Centre-Forward",1986-02-05,35,"England",1e+06,"https://www.transfermarkt.com/billy-sharp/profil/spieler/49542"
"Premier League","Europe","England",2020,"Burnley FC","1","Nick Pope","Goalkeeper",1992-04-19,28,"England",1.2e+07,"https://www.transfermarkt.com/nick-pope/profil/spieler/192080"
"Premier League","Europe","England",2020,"Burnley FC","15","Bailey Peacock-Farrell","Goalkeeper",1996-10-29,24,"Northern Ireland",1200000,"https://www.transfermarkt.com/bailey-peacock-farrell/profil/spieler/410436"
"Premier League","Europe","England",2020,"Burnley FC","25","Will Norris","Goalkeeper",1993-08-12,27,"England",250000,"https://www.transfermarkt.com/will-norris/profil/spieler/285033"
"Premier League","Europe","England",2020,"Burnley FC","5","James Tarkowski","Centre-Back",1992-11-19,28,"England",2.8e+07,"https://www.transfermarkt.com/james-tarkowski/profil/spieler/173504"
"Premier League","Europe","England",2020,"Burnley FC","6","Ben Mee","Centre-Back",1989-09-21,31,"England",8e+06,"https://www.transfermarkt.com/ben-mee/profil/spieler/74810"
"Premier League","Europe","England",2020,"Burnley FC","28","Kevin Long","Centre-Back",1990-08-18,30,"Ireland",1600000,"https://www.transfermarkt.com/kevin-long/profil/spieler/111114"
"Premier League","Europe","England",2020,"Burnley FC","34","Jimmy Dunne","Centre-Back",1997-10-19,23,"Ireland",2e+05,"https://www.transfermarkt.com/jimmy-dunne/profil/spieler/396174"
"Premier League","Europe","England",2020,"Burnley FC","31","Richard Nartey","Centre-Back",1998-09-06,22,"England",NA,"https://www.transfermarkt.com/richard-nartey/profil/spieler/396861"
"Premier League","Europe","England",2020,"Burnley FC","3","Charlie Taylor","Left-Back",1993-09-18,27,"England",4e+06,"https://www.transfermarkt.com/charlie-taylor/profil/spieler/195633"
"Premier League","Europe","England",2020,"Burnley FC","23","Erik Pieters","Left-Back",1988-08-07,32,"Netherlands",3e+06,"https://www.transfermarkt.com/erik-pieters/profil/spieler/43763"
"Premier League","Europe","England",2020,"Burnley FC","2","Matthew Lowton","Right-Back",1989-06-09,31,"England",4e+06,"https://www.transfermarkt.com/matthew-lowton/profil/spieler/102258"
"Premier League","Europe","England",2020,"Burnley FC","26","Phil Bardsley","Right-Back",1985-06-28,35,"Scotland",8e+05,"https://www.transfermarkt.com/phil-bardsley/profil/spieler/15773"
"Premier League","Europe","England",2020,"Burnley FC","4","Jack Cork","Defensive Midfield",1989-06-25,31,"England",8e+06,"https://www.transfermarkt.com/jack-cork/profil/spieler/40613"
"Premier League","Europe","England",2020,"Burnley FC","18","Ashley Westwood","Defensive Midfield",1990-04-01,30,"England",5500000,"https://www.transfermarkt.com/ashley-westwood/profil/spieler/91317"
"Premier League","Europe","England",2020,"Burnley FC","8","Josh Brownhill","Central Midfield",1995-12-19,25,"England",5500000,"https://www.transfermarkt.com/josh-brownhill/profil/spieler/293569"
"Premier League","Europe","England",2020,"Burnley FC","16","Dale Stephens","Central Midfield",1989-06-12,31,"England",4800000,"https://www.transfermarkt.com/dale-stephens/profil/spieler/49755"
"Premier League","Europe","England",2020,"Burnley FC","12","Robbie Brady","Left Midfield",1992-01-14,29,"Ireland",4800000,"https://www.transfermarkt.com/robbie-brady/profil/spieler/128229"
"Premier League","Europe","England",2020,"Burnley FC","11","Dwight McNeil","Left Winger",1999-11-22,21,"England",2.5e+07,"https://www.transfermarkt.com/dwight-mcneil/profil/spieler/584769"
"Premier League","Europe","England",2020,"Burnley FC","7","Jóhann Berg Gudmundsson","Right Winger",1990-10-27,30,"Iceland",6500000,"https://www.transfermarkt.com/johann-berg-gudmundsson/profil/spieler/89231"
"Premier League","Europe","England",2020,"Burnley FC","9","Chris Wood","Centre-Forward",1991-12-07,29,"New Zealand",1.2e+07,"https://www.transfermarkt.com/chris-wood/profil/spieler/108725"
"Premier League","Europe","England",2020,"Burnley FC","10","Ashley Barnes","Centre-Forward",1989-10-30,31,"England",6500000,"https://www.transfermarkt.com/ashley-barnes/profil/spieler/63200"
"Premier League","Europe","England",2020,"Burnley FC","19","Jay Rodríguez","Centre-Forward",1989-07-29,31,"England",6e+06,"https://www.transfermarkt.com/jay-rodriguez/profil/spieler/53360"
"Premier League","Europe","England",2020,"Burnley FC","27","Matej Vydra","Centre-Forward",1992-05-01,28,"Czech Republic",4e+06,"https://www.transfermarkt.com/matej-vydra/profil/spieler/101500"
"Premier League","Europe","England",2020,"West Bromwich Albion","1","Sam Johnstone","Goalkeeper",1993-03-25,27,"England",6500000,"https://www.transfermarkt.com/sam-johnstone/profil/spieler/110864"
"Premier League","Europe","England",2020,"West Bromwich Albion","25","David Button","Goalkeeper",1989-02-27,31,"England",1200000,"https://www.transfermarkt.com/david-button/profil/spieler/61814"
"Premier League","Europe","England",2020,"West Bromwich Albion","31","Andy Lonergan","Goalkeeper",1983-10-19,37,"England",250000,"https://www.transfermarkt.com/andy-lonergan/profil/spieler/14044"
"Premier League","Europe","England",2020,"West Bromwich Albion","6","Semi Ajayi","Centre-Back",1993-11-09,27,"Nigeria",5e+06,"https://www.transfermarkt.com/semi-ajayi/profil/spieler/251912"
"Premier League","Europe","England",2020,"West Bromwich Albion","5","Kyle Bartley","Centre-Back",1991-05-22,29,"England",2800000,"https://www.transfermarkt.com/kyle-bartley/profil/spieler/67421"
"Premier League","Europe","England",2020,"West Bromwich Albion","27","Dara O'Shea","Centre-Back",1999-03-04,21,"Ireland",2500000,"https://www.transfermarkt.com/dara-oshea/profil/spieler/401320"
"Premier League","Europe","England",2020,"West Bromwich Albion","20","Branislav Ivanovic","Centre-Back",1984-02-22,36,"Serbia",1e+06,"https://www.transfermarkt.com/branislav-ivanovic/profil/spieler/36827"
"Premier League","Europe","England",2020,"West Bromwich Albion","3","Kieran Gibbs","Left-Back",1989-09-26,31,"England",3200000,"https://www.transfermarkt.com/kieran-gibbs/profil/spieler/44792"
"Premier League","Europe","England",2020,"West Bromwich Albion","14","Conor Townsend","Left-Back",1993-03-04,27,"England",8e+05,"https://www.transfermarkt.com/conor-townsend/profil/spieler/146509"
"Premier League","Europe","England",2020,"West Bromwich Albion","2","Darnell Furlong","Right-Back",1995-10-31,25,"England",3200000,"https://www.transfermarkt.com/darnell-furlong/profil/spieler/351755"
"Premier League","Europe","England",2020,"West Bromwich Albion","22","Lee Peltier","Right-Back",1986-12-11,34,"England",8e+05,"https://www.transfermarkt.com/lee-peltier/profil/spieler/38094"
"Premier League","Europe","England",2020,"West Bromwich Albion","8","Jake Livermore","Defensive Midfield",1989-11-14,31,"England",5500000,"https://www.transfermarkt.com/jake-livermore/profil/spieler/61832"
"Premier League","Europe","England",2020,"West Bromwich Albion","35","Okay Yokuslu","Defensive Midfield",1994-03-09,26,"Turkey",4e+06,"https://www.transfermarkt.com/okay-yokuslu/profil/spieler/137616"
"Premier League","Europe","England",2020,"West Bromwich Albion","18","Conor Gallagher","Central Midfield",2000-02-06,21,"England",1e+07,"https://www.transfermarkt.com/conor-gallagher/profil/spieler/488362"
"Premier League","Europe","England",2020,"West Bromwich Albion","19","Romaine Sawyers","Central Midfield",1991-11-02,29,"St. Kitts & Nevis",3200000,"https://www.transfermarkt.com/romaine-sawyers/profil/spieler/113036"
"Premier League","Europe","England",2020,"West Bromwich Albion","30","Ainsley Maitland-Niles","Right Midfield",1997-08-29,23,"England",1.8e+07,"https://www.transfermarkt.com/ainsley-maitland-niles/profil/spieler/285845"
"Premier League","Europe","England",2020,"West Bromwich Albion","21","Kyle Edwards","Left Midfield",1998-02-17,22,"England",1300000,"https://www.transfermarkt.com/kyle-edwards/profil/spieler/314366"
"Premier League","Europe","England",2020,"West Bromwich Albion","11","Grady Diangana","Left Winger",1998-04-19,22,"England",1.2e+07,"https://www.transfermarkt.com/grady-diangana/profil/spieler/342048"
"Premier League","Europe","England",2020,"West Bromwich Albion","13","Kamil Grosicki","Left Winger",1988-06-08,32,"Poland",1500000,"https://www.transfermarkt.com/kamil-grosicki/profil/spieler/37920"
"Premier League","Europe","England",2020,"West Bromwich Albion","12","Matheus Pereira","Right Winger",1996-05-05,24,"Brazil",1.3e+07,"https://www.transfermarkt.com/matheus-pereira/profil/spieler/225984"
"Premier League","Europe","England",2020,"West Bromwich Albion","10","Matt Phillips","Right Winger",1991-03-13,29,"Scotland",5500000,"https://www.transfermarkt.com/matt-phillips/profil/spieler/77274"
"Premier League","Europe","England",2020,"West Bromwich Albion","23","Robert Snodgrass","Right Winger",1987-09-07,33,"Scotland",4e+06,"https://www.transfermarkt.com/robert-snodgrass/profil/spieler/22614"
"Premier League","Europe","England",2020,"West Bromwich Albion","29","Karlan Grant","Centre-Forward",1997-09-18,23,"England",1e+07,"https://www.transfermarkt.com/karlan-grant/profil/spieler/314183"
"Premier League","Europe","England",2020,"West Bromwich Albion","7","Callum Robinson","Centre-Forward",1995-02-02,26,"Ireland",8e+06,"https://www.transfermarkt.com/callum-robinson/profil/spieler/183299"
"Premier League","Europe","England",2020,"West Bromwich Albion","9","Kenneth Zohore","Centre-Forward",1994-01-31,27,"Denmark",3500000,"https://www.transfermarkt.com/kenneth-zohore/profil/spieler/135213"
"Premier League","Europe","England",2020,"West Bromwich Albion","17","Mbaye Diagne","Centre-Forward",1991-10-28,29,"Senegal",3200000,"https://www.transfermarkt.com/mbaye-diagne/profil/spieler/271966"
"Premier League","Europe","England",2020,"West Bromwich Albion","4","Hal Robson-Kanu","Centre-Forward",1989-05-21,31,"Wales",2400000,"https://www.transfermarkt.com/hal-robson-kanu/profil/spieler/65976"
